HouseNumber,MSSubClass,MSZoning,LotFrontage,LotArea,LotShape,LotConfig,Neighborhood,SalePrice,SalePriceN
1,60,RL,65,8450,Reg,Inside,MeadowV,91000,<150k
2,20,RL,80,9600,IR1,Inside,NAmes,135750,<150k
3,60,RL,68,11250,Reg,Inside,BrkSide,127000,<150k
4,70,RL,60,9550,Reg,Inside,Sawyer,136500,<150k
5,60,RL,84,14260,Reg,Corner,OldTown,110000,<150k
6,50,RL,85,14115,Reg,Corner,NAmes,193500,>150k
7,20,RL,75,10084,Reg,FR2,Mitchel,153500,>150k
8,60,RL,NA,10382,Reg,Inside,Somerst,245000,>150k
9,50,RM,51,6120,IR1,Inside,NAmes,126500,<150k
10,190,RL,50,7420,IR1,Inside,Gilbert,168500,>150k
11,20,RL,70,11200,Reg,Corner,NoRidge,260000,>150k
12,60,RL,85,11924,IR2,Inside,Gilbert,174000,>150k
13,20,RL,NA,12968,Reg,Corner,Somerst,164500,>150k
14,20,RL,91,10652,IR1,Corner,IDOTRR,85000,<150k
15,20,RL,NA,10920,Reg,Inside,CollgCr,123600,<150k
16,45,RM,51,6120,Reg,Inside,NAmes,109900,<150k
17,20,RL,NA,11241,Reg,Inside,NAmes,98600,<150k
18,90,RL,72,10791,IR1,Inside,Crawfor,163500,>150k
19,20,RL,66,13695,Reg,Corner,OldTown,133900,<150k
20,20,RL,70,7560,IR1,Inside,CollgCr,204750,>150k
21,60,RL,101,14215,IR2,Corner,Gilbert,185000,>150k
22,45,RM,57,7449,IR1,Inside,CollgCr,214000,>150k
23,20,RL,75,9742,Reg,Inside,Edwards,94750,<150k
24,120,RM,44,4224,Reg,Corner,Edwards,83000,<150k
25,20,RL,NA,8246,IR1,Inside,NAmes,128950,<150k
26,20,RL,110,14230,IR1,Inside,NWAmes,205000,>150k
27,20,RL,60,7200,Reg,Inside,SawyerW,178000,>150k
28,20,RL,98,11478,Reg,Inside,SawyerW,118964,<150k
29,20,RL,47,16321,IR1,Corner,CollgCr,198900,>150k
30,30,RM,60,6324,Reg,Corner,IDOTRR,169500,>150k
31,70,C (all),50,8500,Reg,Inside,Somerst,250000,>150k
32,20,RL,NA,8544,Reg,Inside,OldTown,100000,<150k
33,20,RL,85,11049,Reg,Inside,OldTown,115000,<150k
34,20,RL,70,10552,Reg,Corner,IDOTRR,115000,<150k
35,120,RL,60,7313,IR1,Inside,NWAmes,190000,>150k
36,60,RL,108,13418,Reg,Inside,Edwards,136900,<150k
37,20,RL,112,10859,IR1,Inside,Gilbert,180000,>150k
38,20,RL,74,8532,Reg,Inside,CollgCr,383970,>150k
39,20,RL,68,7922,Reg,Corner,Crawfor,217000,>150k
40,90,RL,65,6040,IR1,Inside,Crawfor,259500,>150k
41,20,RL,84,8658,Reg,Corner,Somerst,176000,>150k
42,20,RL,115,16905,Reg,Inside,Sawyer,139000,<150k
43,85,RL,NA,9180,Reg,Corner,Edwards,155000,>150k
44,20,RL,NA,9200,Reg,Corner,SawyerW,320000,>150k
45,20,RL,70,7945,Reg,Inside,CollgCr,163990,>150k
46,120,RL,61,7658,IR1,CulDSac,ClearCr,180000,>150k
47,50,RL,48,12822,Reg,Inside,IDOTRR,100000,<150k
48,20,FV,84,11096,Reg,Corner,NAmes,136000,<150k
49,190,RM,33,4456,Reg,Inside,SawyerW,153900,>150k
50,20,RL,66,7742,IR1,CulDSac,NWAmes,181000,>150k
51,60,RL,NA,13869,Reg,Inside,CollgCr,208500,>150k
52,50,RM,52,6240,Reg,FR2,Veenker,181500,>150k
53,90,RM,110,8472,IR1,Inside,CollgCr,223500,>150k
54,20,RL,68,50271,IR1,Corner,Crawfor,140000,<150k
55,80,RL,60,7134,IR1,FR2,NoRidge,250000,>150k
56,20,RL,100,10175,IR1,Inside,Mitchel,143000,<150k
57,160,FV,24,2645,Reg,Inside,Somerst,307000,>150k
58,60,RL,89,11645,IR1,Corner,NWAmes,200000,>150k
59,60,RL,66,13682,Reg,Inside,OldTown,129900,<150k
60,20,RL,60,7200,Reg,Corner,BrkSide,118000,<150k
61,20,RL,63,13072,Reg,Inside,Sawyer,129500,<150k
62,75,RM,60,7200,IR1,Inside,NridgHt,345000,>150k
63,120,RL,44,6442,IR2,Inside,Sawyer,144000,<150k
64,70,RM,50,10300,IR1,Inside,CollgCr,279500,>150k
65,60,RL,NA,9375,IR1,Corner,NAmes,157000,>150k
66,60,RL,76,9591,Reg,Corner,BrkSide,132000,<150k
67,20,RL,NA,19900,IR1,CulDSac,NAmes,149000,<150k
68,20,RL,72,10665,Reg,Inside,Sawyer,90000,<150k
69,30,RM,47,4608,Reg,Inside,SawyerW,159000,>150k
70,50,RL,81,15593,Reg,Inside,NAmes,139000,<150k
71,20,RL,95,13651,IR1,Corner,NridgHt,325300,>150k
72,20,RL,69,7599,Reg,Inside,IDOTRR,139400,<150k
73,60,RL,74,10141,Reg,Inside,CollgCr,230000,>150k
74,20,RL,85,10200,Reg,Inside,MeadowV,129900,<150k
75,50,RM,60,5790,IR1,Inside,Sawyer,154000,>150k
76,180,RM,21,1596,Reg,Corner,NridgHt,256300,>150k
77,20,RL,NA,8475,Reg,Corner,NAmes,134800,<150k
78,50,RM,50,8635,Reg,Inside,NridgHt,306000,>150k
79,90,RL,72,10778,IR1,CulDSac,NAmes,207500,>150k
80,50,RM,60,10440,IR1,Inside,BrkSide,68500,<150k
81,60,RL,100,13000,Reg,Inside,IDOTRR,40000,<150k
82,120,RM,32,4500,IR1,CulDSac,Sawyer,149350,<150k
83,20,RL,78,10206,Reg,Corner,CollgCr,179900,>150k
84,20,RL,80,8892,IR1,Inside,NAmes,165500,>150k
85,80,RL,NA,8530,Reg,Inside,NridgHt,277500,>150k
86,60,RL,121,16059,Reg,Inside,NridgHt,309000,>150k
87,60,RL,122,11911,Reg,Corner,CollgCr,145000,<150k
88,160,FV,40,3951,Reg,Inside,NAmes,153000,>150k
89,50,C (all),105,8470,Reg,Inside,NAmes,109000,<150k
90,20,RL,60,8070,Reg,Inside,Edwards,82000,<150k
91,20,RL,60,7200,Reg,Inside,NAmes,160000,>150k
92,20,RL,85,8500,Reg,Inside,Timber,170000,>150k
93,30,RL,80,13360,IR1,CulDSac,SawyerW,144000,<150k
94,190,C (all),60,7200,IR1,CulDSac,CollgCr,130250,<150k
95,60,RL,69,9337,Reg,Inside,NAmes,141000,<150k
96,60,RL,NA,9765,Reg,Inside,NridgHt,319900,>150k
97,20,RL,78,10264,IR1,CulDSac,Mitchel,239686,>150k
98,20,RL,73,10921,Reg,Inside,Somerst,249700,>150k
99,30,RL,85,10625,Reg,Inside,OldTown,113000,<150k
100,20,RL,77,9320,Reg,Inside,Sawyer,127000,<150k
101,20,RL,NA,10603,IR2,Corner,Gilbert,177000,>150k
102,60,RL,77,9206,Reg,Inside,BrkSide,114500,<150k
103,90,RL,64,7018,IR2,Corner,IDOTRR,110000,<150k
104,20,RL,94,10402,IR1,Inside,Veenker,385000,>150k
105,50,RM,NA,7758,Reg,Inside,NAmes,130000,<150k
106,60,FV,75,9375,IR1,Inside,NAmes,180500,>150k
107,30,RM,60,10800,Reg,Inside,Somerst,172500,>150k
108,20,RM,50,6000,IR1,Corner,CollgCr,196500,>150k
109,50,RM,85,8500,IR2,CulDSac,StoneBr,438780,>150k
110,20,RL,105,11751,Reg,Inside,CollgCr,124900,<150k
111,50,RL,75,9525,Reg,Inside,SawyerW,158000,>150k
112,80,RL,NA,7750,Reg,Inside,IDOTRR,101000,<150k
113,60,RL,77,9965,IR1,Inside,NridgHt,202500,>150k
114,20,RL,NA,21000,IR1,Inside,OldTown,140000,<150k
115,70,RL,61,7259,Reg,Inside,CollgCr,219500,>150k
116,160,FV,34,3230,Reg,Inside,NridgHt,317000,>150k
117,20,RL,NA,11616,Reg,Inside,NAmes,180000,>150k
118,20,RL,74,8536,IR1,Inside,CollgCr,226000,>150k
119,60,RL,90,12376,Reg,Corner,OldTown,80000,<150k
120,60,RL,65,8461,Reg,Corner,ClearCr,225000,>150k
121,80,RL,NA,21453,IR1,Inside,NAmes,244000,>150k
122,50,RM,50,6060,Reg,Corner,Mitchel,129500,<150k
123,20,RL,75,9464,IR1,Corner,Gilbert,185000,>150k
124,120,RL,55,7892,Reg,Inside,NAmes,144900,<150k
125,20,RL,48,17043,Reg,Corner,OldTown,107400,<150k
126,190,RM,60,6780,Reg,Inside,Crawfor,158500,>150k
127,120,RL,NA,4928,Reg,Corner,Crawfor,157000,>150k
128,45,RM,55,4388,IR3,Inside,CollgCr,267000,>150k
129,60,RL,69,7590,IR1,Corner,CollgCr,205000,>150k
130,20,RL,69,8973,Reg,Corner,CollgCr,149900,<150k
131,60,RL,88,14200,Reg,Inside,OldTown,295000,>150k
132,60,RL,NA,12224,Reg,Inside,CollgCr,305900,>150k
133,20,RL,75,7388,Reg,Inside,SawyerW,225000,>150k
134,20,RL,NA,6853,IR1,Inside,IDOTRR,89500,<150k
135,20,RL,78,10335,IR1,Inside,Edwards,82500,<150k
136,20,RL,80,10400,IR1,Inside,NridgHt,360000,>150k
137,20,RL,NA,10355,IR1,Inside,Gilbert,165600,>150k
138,90,RL,82,11070,Reg,Inside,NAmes,132000,<150k
139,60,RL,73,9066,Reg,Inside,OldTown,119900,<150k
140,60,RL,65,15426,IR3,Inside,Timber,375000,>150k
141,20,RL,70,10500,Reg,Inside,OldTown,178000,>150k
142,20,RL,78,11645,IR1,Inside,Gilbert,188500,>150k
143,50,RL,71,8520,IR1,Corner,NWAmes,260000,>150k
144,20,RL,78,10335,Reg,Inside,Somerst,270000,>150k
145,90,RM,70,9100,Reg,Inside,NoRidge,260000,>150k
146,160,RM,24,2522,Reg,Inside,NWAmes,187500,>150k
147,30,RM,51,6120,Reg,Corner,NridgHt,342643,>150k
148,60,RL,NA,9505,IR1,Inside,NridgHt,354000,>150k
149,20,RL,63,7500,IR1,Inside,SawyerW,301000,>150k
150,50,RM,NA,6240,Reg,Inside,OldTown,126175,<150k
151,20,RL,120,10356,Reg,Inside,IDOTRR,84500,<150k
152,20,RL,107,13891,IR1,Inside,NPkVill,128000,<150k
153,60,RL,NA,14803,IR1,Inside,OldTown,87000,<150k
154,20,RL,NA,13500,Reg,Inside,NAmes,155000,>150k
155,30,RM,84,11340,Reg,Inside,NAmes,150000,<150k
156,50,RL,60,9600,Reg,Corner,NAmes,226000,>150k
157,20,RL,60,7200,IR1,Corner,Gilbert,244000,>150k
158,60,RL,92,12003,Reg,Corner,NAmes,150750,>150k
159,60,FV,100,12552,IR1,Inside,Timber,220000,>150k
160,60,RL,134,19378,IR1,Inside,Sawyer,180000,>150k
161,20,RL,NA,11120,Reg,Inside,NWAmes,174000,>150k
162,60,RL,110,13688,IR1,Corner,NAmes,143000,<150k
163,20,RL,95,12182,Reg,Inside,Mitchel,171000,>150k
164,45,RL,55,5500,IR1,Inside,CollgCr,230000,>150k
165,40,RM,40,5400,IR1,Inside,CollgCr,231500,>150k
166,190,RL,62,10106,Reg,FR2,NAmes,115000,<150k
167,20,RL,NA,10708,Reg,Inside,CollgCr,260000,>150k
168,60,RL,86,10562,Reg,Corner,NAmes,166000,>150k
169,60,RL,62,8244,IR1,Inside,CollgCr,204000,>150k
170,20,RL,NA,16669,Reg,Inside,Sawyer,125000,<150k
171,50,RM,NA,12358,Reg,Inside,Edwards,130000,<150k
172,20,RL,141,31770,Reg,Corner,BrkSide,105000,<150k
173,160,RL,44,5306,IR1,CulDSac,Gilbert,222500,>150k
174,20,RL,80,10197,Reg,Inside,SawyerW,141000,<150k
175,20,RL,47,12416,Reg,Inside,BrkSide,115000,<150k
176,20,RL,84,12615,Reg,Corner,CollgCr,122000,<150k
177,60,RL,97,10029,Reg,Inside,NridgHt,372402,>150k
178,50,RL,NA,13650,IR1,CulDSac,NWAmes,190000,>150k
179,20,RL,63,17423,Reg,Inside,ClearCr,235000,>150k
180,30,RM,60,8520,Reg,Corner,OldTown,125000,<150k
181,160,FV,NA,2117,Reg,Corner,Edwards,79000,<150k
182,70,RL,54,7588,Reg,Inside,NAmes,109500,<150k
183,20,RL,60,9060,Reg,Corner,Timber,269500,>150k
184,50,RM,63,11426,Reg,Corner,Somerst,254900,>150k
185,50,RL,92,7438,IR1,Corner,Gilbert,320000,>150k
186,75,RM,90,22950,IR1,CulDSac,Veenker,162500,>150k
187,80,RL,NA,9947,IR1,Inside,NridgHt,412500,>150k
188,50,RL,60,10410,Reg,Corner,NridgHt,220000,>150k
189,90,RL,64,7018,Reg,Inside,OldTown,103200,<150k
190,120,RL,41,4923,Reg,Corner,OldTown,152000,>150k
191,70,RL,70,10570,Reg,Inside,Edwards,127500,<150k
192,60,RL,NA,7472,IR1,Inside,ClearCr,190000,>150k
193,20,RL,68,9017,Reg,Inside,NridgHt,325624,>150k
194,160,RM,24,2522,IR1,Inside,Gilbert,183500,>150k
195,20,RL,60,7180,IR1,Corner,Timber,228000,>150k
196,160,RL,24,2280,IR1,Inside,OldTown,128500,<150k
197,20,RL,79,9416,IR1,Corner,NAmes,215000,>150k
198,75,RL,174,25419,IR1,Inside,StoneBr,239000,>150k
199,75,RM,92,5520,IR1,Inside,NAmes,163000,>150k
200,20,RL,76,9591,IR1,Inside,Timber,184000,>150k
201,20,RM,80,8546,Reg,Corner,Edwards,243000,>150k
202,20,RL,75,10125,IR1,Corner,ClearCr,211000,>150k
203,50,RL,50,7000,Reg,Inside,Sawyer,172500,>150k
204,120,RM,NA,4438,IR1,CulDSac,StoneBr,501837,>150k
205,50,RM,50,3500,Reg,Inside,OldTown,100000,<150k
206,20,RL,99,11851,Reg,Inside,Somerst,177000,>150k
207,20,RL,40,13673,Reg,Inside,Crawfor,200100,>150k
208,20,RL,NA,12493,Reg,Inside,Edwards,120000,<150k
209,60,RL,NA,14364,Reg,Inside,OldTown,200000,>150k
210,20,RL,75,8250,IR1,Inside,BrkSide,127000,<150k
211,30,RL,67,5604,IR2,Inside,OldTown,475000,>150k
212,20,RL,83,10420,IR1,CulDSac,Mitchel,173000,>150k
213,60,FV,72,8640,Reg,Inside,OldTown,135000,<150k
214,20,RL,43,13568,Reg,Inside,SawyerW,153337,>150k
215,60,RL,NA,10900,Reg,Inside,StoneBr,286000,>150k
216,20,RL,72,10011,Reg,Inside,Crawfor,315000,>150k
217,20,RL,65,8450,IR1,CulDSac,NAmes,184000,>150k
218,70,RM,57,9906,IR1,Inside,CollgCr,192000,>150k
219,50,RL,NA,15660,Reg,Inside,Edwards,130000,<150k
220,120,RL,43,3010,IR1,Inside,CollgCr,127000,<150k
221,20,RL,73,8990,Reg,FR2,NPkVill,148500,<150k
222,60,RL,NA,8068,Reg,Inside,Somerst,311872,>150k
223,60,RL,85,11475,Reg,Corner,NAmes,235000,>150k
224,20,RL,70,10500,Reg,Corner,OldTown,104000,<150k
225,20,RL,103,13472,Reg,Inside,NridgHt,274900,>150k
226,160,RM,21,1680,Reg,Corner,Mitchel,124500,<150k
227,60,RL,82,9950,Reg,Inside,BrkSide,205000,>150k
228,160,RM,21,1869,IR1,Inside,Mitchel,201000,>150k
229,20,RL,70,8521,Reg,Corner,Gilbert,141000,<150k
230,120,RL,43,3182,Reg,Inside,NridgHt,415298,>150k
231,20,RL,73,8760,Reg,Inside,ClearCr,192000,>150k
232,60,RL,174,15138,Reg,Inside,SawyerW,228500,>150k
233,160,RM,21,1680,Reg,Inside,Somerst,185000,>150k
234,20,RL,75,10650,Reg,Inside,NridgHt,207500,>150k
236,160,RM,21,1680,IR1,Inside,NAmes,109008,<150k
237,20,RL,65,8773,Reg,Inside,CollgCr,195400,>150k
238,60,RL,NA,9453,IR1,Corner,Timber,175000,>150k
239,20,RL,93,12030,Reg,Inside,BrDale,85400,<150k
240,50,RL,52,8741,IR1,Inside,OldTown,79900,<150k
241,20,FV,75,9000,Reg,Inside,BrDale,122500,<150k
242,30,RM,40,3880,IR1,Corner,Gilbert,181000,>150k
243,50,RM,63,5000,Reg,Inside,MeadowV,81000,<150k
244,160,RL,75,10762,IR2,CulDSac,CollgCr,212000,>150k
245,60,RL,NA,8880,Reg,Inside,OldTown,116000,<150k
246,20,RL,80,10400,Reg,Inside,BrkSide,119000,<150k
247,190,RM,69,9142,Reg,Inside,Crawfor,90350,<150k
248,20,RL,75,11310,Reg,Corner,Edwards,110000,<150k
249,60,RL,72,11317,Reg,Inside,NridgHt,555000,>150k
250,50,RL,NA,159000,Reg,Inside,Edwards,118000,<150k
251,30,RL,55,5350,Reg,Inside,BrkSide,162900,>150k
252,120,RM,44,4750,Reg,Inside,Blmngtn,172500,>150k
253,60,RL,65,8366,Reg,Inside,CollgCr,210000,>150k
254,80,RL,85,9350,Reg,Corner,Edwards,127500,<150k
255,20,RL,70,8400,IR1,Corner,NAmes,190000,>150k
256,60,RL,66,8738,IR1,Corner,Gilbert,199900,>150k
257,60,FV,64,8791,Reg,Inside,IDOTRR,119500,<150k
258,20,RL,68,8814,Reg,Inside,NAmes,140000,<150k
259,60,RL,80,12435,Reg,Inside,NPkVill,148500,<150k
260,20,RM,70,12702,Reg,Inside,OldTown,87000,<150k
261,80,RL,120,19296,Reg,Inside,OldTown,109500,<150k
262,60,RL,69,9588,IR1,Inside,StoneBr,372500,>150k
263,80,RL,88,8471,IR1,Inside,Sawyer,128500,<150k
264,50,RM,50,5500,Reg,Inside,SawyerW,143000,<150k
265,30,RM,30,5232,IR2,Inside,SWISU,159434,>150k
266,20,RL,78,12090,Reg,Inside,ClearCr,173000,>150k
267,60,RL,70,11207,IR1,Corner,CollgCr,285000,>150k
268,75,RL,60,8400,IR2,CulDSac,NoRidge,221000,>150k
269,30,RM,71,6900,IR1,CulDSac,StoneBr,207500,>150k
270,20,RL,NA,7917,Reg,Inside,Somerst,227875,>150k
271,60,FV,84,10728,IR2,FR2,Somerst,148800,<150k
272,20,RL,73,39104,Reg,Inside,StoneBr,392000,>150k
273,60,RL,92,11764,IR1,Corner,NridgHt,194700,>150k
274,20,RL,80,9600,Reg,Inside,CollgCr,141000,<150k
275,20,RL,76,8314,IR1,Corner,NoRidge,755000,>150k
276,50,RL,55,7264,IR1,Inside,Timber,335000,>150k
277,20,RL,129,9196,Reg,Corner,OldTown,108480,<150k
278,20,RL,140,19138,Reg,Corner,BrkSide,141500,<150k
279,20,RL,107,14450,IR1,Inside,Timber,176000,>150k
280,60,RL,83,10005,Reg,Inside,BrkSide,89000,<150k
281,60,RL,82,11287,IR1,Inside,Edwards,123500,<150k
282,20,FV,60,7200,Reg,Inside,Sawyer,138500,<150k
283,120,RL,34,5063,IR1,Inside,NAmes,120000,<150k
284,20,RL,74,9612,Reg,Inside,BrDale,113000,<150k
285,120,RL,50,8012,Reg,Inside,Somerst,226700,>150k
286,160,FV,35,4251,Reg,Corner,Edwards,140000,<150k
287,50,RL,77,9786,IR1,Inside,Crawfor,289000,>150k
288,20,RL,NA,8125,Reg,Inside,NPkVill,147000,<150k
289,20,RL,NA,9819,Reg,Inside,OldTown,124500,<150k
290,70,RL,60,8730,IR1,Inside,SawyerW,215000,>150k
291,60,RL,120,15611,IR1,Inside,Somerst,208300,>150k
292,190,RL,55,5687,Reg,Inside,OldTown,161000,>150k
293,50,RL,60,11409,Reg,Corner,NAmes,124500,<150k
294,60,RL,NA,16659,Reg,Inside,NAmes,164900,>150k
295,20,RL,80,9600,IR1,Inside,NridgHt,202665,>150k
296,80,RL,37,7937,Reg,Corner,NAmes,129900,<150k
297,50,RM,75,13710,Reg,Corner,Mitchel,134000,<150k
298,60,FV,66,7399,Reg,Inside,Crawfor,96500,<150k
299,60,RL,90,11700,Reg,Inside,NridgHt,402861,>150k
300,20,RL,80,14000,IR1,Corner,NWAmes,158000,>150k
301,190,RL,90,15750,IR1,Inside,NoRidge,265000,>150k
302,60,RL,66,16226,IR1,CulDSac,CollgCr,211000,>150k
303,20,RL,118,13704,Reg,Inside,Crawfor,234000,>150k
304,20,RL,70,9800,Reg,Inside,OldTown,106250,<150k
305,75,RM,87,18386,IR1,Corner,NAmes,150000,<150k
306,20,RL,80,10386,Reg,Corner,BrkSide,159000,>150k
307,60,RL,116,13474,IR1,Inside,Edwards,184750,>150k
308,50,RM,NA,7920,IR1,Inside,NoRidge,315750,>150k
309,30,RL,NA,12342,Reg,Inside,Somerst,176000,>150k
310,20,RL,90,12378,Reg,Inside,NAmes,132000,<150k
311,60,RL,NA,7685,IR1,Inside,NridgHt,446261,>150k
312,20,RL,50,8000,IR1,Inside,Edwards,86000,<150k
313,190,RM,65,7800,IR1,CulDSac,Crawfor,200624,>150k
314,20,RL,150,215245,Reg,Inside,Timber,175000,>150k
315,70,RM,60,9600,IR1,FR3,BrkSide,128000,<150k
316,60,RL,71,7795,Reg,Inside,NAmes,107500,<150k
317,60,RL,94,13005,Reg,Inside,BrkSide,39300,<150k
318,60,FV,75,9000,IR1,Inside,Gilbert,178000,>150k
319,60,RL,90,9900,Reg,Inside,Edwards,107500,<150k
320,80,RL,NA,14115,IR1,CulDSac,CollgCr,188000,>150k
321,60,RL,111,16259,IR1,FR2,NAmes,111250,<150k
322,60,RL,99,12099,IR1,Inside,Sawyer,158000,>150k
323,60,RL,86,10380,Reg,Inside,CollgCr,272000,>150k
324,20,RM,49,5820,Reg,Inside,Timber,315000,>150k
325,80,RL,96,11275,Reg,FR2,NoRidge,248000,>150k
326,45,RM,50,5000,Reg,Inside,NWAmes,213250,>150k
327,120,RL,32,10846,Reg,Inside,NAmes,133000,<150k
328,20,RL,80,11600,IR1,Inside,Gilbert,179665,>150k
329,75,RL,NA,11888,IR1,Corner,NWAmes,229000,>150k
330,70,RM,60,6402,IR1,Inside,BrkSide,210000,>150k
331,90,RL,NA,10624,Reg,Inside,Mitchel,129500,<150k
332,20,RL,70,8176,IR1,Inside,OldTown,125000,<150k
333,20,RL,85,10655,Reg,Inside,Somerst,263000,>150k
334,120,RM,59,8198,Reg,Inside,NWAmes,165150,>150k
335,60,RL,59,9042,IR1,Corner,NAmes,160000,>150k
336,190,RL,NA,164660,IR1,Inside,NAmes,139900,<150k
337,20,RL,86,14157,Reg,Inside,NAmes,153000,>150k
338,20,RL,70,9135,IR1,Inside,NAmes,135000,<150k
339,20,RL,91,14145,Reg,Corner,NAmes,168500,>150k
340,20,RL,66,12400,Reg,Corner,OldTown,124000,<150k
341,60,RL,85,14191,Reg,Inside,NridgHt,209500,>150k
342,20,RH,60,8400,Reg,Inside,NWAmes,82500,<150k
343,90,RL,NA,8544,Reg,Corner,NAmes,139400,<150k
344,120,RL,63,8849,Reg,Inside,OldTown,144000,<150k
345,160,RM,36,2592,Reg,Inside,SWISU,200000,>150k
346,50,RL,65,6435,Reg,Inside,BrkSide,60000,<150k
347,20,RL,NA,12772,Reg,Inside,OldTown,93000,<150k
348,20,RL,NA,17600,Reg,Inside,Edwards,85000,<150k
349,160,RL,36,2448,Reg,Inside,Blmngtn,264561,>150k
350,60,RL,56,20431,IR1,Inside,NridgHt,274000,>150k
351,120,RL,68,7820,Reg,Inside,Somerst,226000,>150k
352,120,RL,NA,5271,Reg,Inside,NAmes,345000,>150k
353,50,RL,60,9084,Reg,Inside,NWAmes,152000,>150k
354,30,RM,60,8520,Reg,Inside,Somerst,370878,>150k
355,50,RL,60,8400,IR1,Corner,NAmes,143250,<150k
356,20,RL,105,11249,Reg,Inside,NAmes,98300,<150k
357,20,RL,NA,9248,IR1,Inside,Edwards,155000,>150k
358,120,RM,44,4224,Reg,Inside,NAmes,155000,>150k
359,80,RL,92,6930,Reg,Inside,MeadowV,84500,<150k
360,60,RL,78,12011,Reg,Inside,Somerst,205950,>150k
361,85,RL,NA,7540,Reg,Inside,Edwards,108000,<150k
362,50,RL,NA,9144,Reg,Inside,CollgCr,191000,>150k
363,85,RL,64,7301,Reg,Inside,IDOTRR,135000,<150k
364,160,RM,21,1680,IR1,Inside,NoRidge,350000,>150k
365,60,RL,NA,18800,Reg,Inside,BrDale,88000,<150k
366,70,RM,59,10690,IR1,Inside,NAmes,145500,<150k
367,20,RL,NA,9500,Reg,Inside,Crawfor,149000,<150k
368,80,RL,101,9150,Reg,Inside,NAmes,97500,<150k
369,20,RL,78,7800,Reg,Corner,Edwards,167000,>150k
370,20,RL,NA,9830,Reg,CulDSac,NWAmes,197900,>150k
371,60,RL,NA,8121,IR2,CulDSac,NoRidge,402000,>150k
372,50,RL,80,17120,Reg,Corner,NAmes,110000,<150k
373,120,RL,50,7175,Reg,Inside,Edwards,137500,<150k
374,20,RL,79,10634,IR2,CulDSac,Somerst,423000,>150k
375,60,RL,65,8200,IR1,Corner,Gilbert,230500,>150k
376,30,RL,NA,10020,IR1,Inside,NAmes,129000,<150k
377,85,RL,57,8846,Reg,Inside,SawyerW,193500,>150k
378,60,FV,102,11143,Reg,Corner,Sawyer,168000,>150k
379,20,RL,88,11394,Reg,Inside,Crawfor,137500,<150k
380,60,RL,60,8123,Reg,FR2,CollgCr,173500,>150k
381,50,RL,50,5000,Reg,Inside,Edwards,103600,<150k
382,20,FV,60,7200,IR1,Inside,Veenker,165000,>150k
383,60,RL,79,9245,Reg,Inside,Crawfor,257500,>150k
384,45,RH,60,9000,Reg,Inside,NPkVill,140000,<150k
385,60,RL,NA,53107,Reg,Inside,OldTown,112500,<150k
386,120,RL,43,3182,IR1,Inside,NridgHt,255500,>150k
387,50,RL,58,8410,Reg,Inside,Edwards,108000,<150k
388,80,RL,72,7200,Reg,Inside,NridgHt,284000,>150k
389,20,RL,93,9382,Reg,Inside,BrkSide,113000,<150k
390,60,RL,96,12474,IR1,Inside,NAmes,141000,<150k
391,50,RL,50,8405,Reg,Inside,IDOTRR,108000,<150k
392,60,RL,71,12209,IR2,FR2,Gilbert,175000,>150k
393,20,RL,NA,8339,Reg,Inside,Blmngtn,234000,>150k
394,30,RL,NA,7446,IR1,Inside,Sawyer,121500,<150k
395,50,RL,60,10134,Reg,Inside,Mitchel,170000,>150k
396,20,RL,68,9571,Reg,Inside,Edwards,108000,<150k
397,20,RL,60,7200,Reg,Inside,Edwards,185000,>150k
398,60,RL,69,7590,IR1,CulDSac,NoRidge,268000,>150k
399,30,RM,60,8967,Reg,Corner,SWISU,128000,<150k
400,60,FV,65,8125,IR1,Inside,StoneBr,325000,>150k
401,120,RL,38,14963,IR1,Inside,NridgHt,214000,>150k
402,20,RL,65,8767,IR1,Inside,SawyerW,316600,>150k
403,30,RL,60,10200,IR1,Corner,NAmes,135960,<150k
404,60,RL,93,12090,IR1,Inside,NAmes,142600,<150k
405,60,RL,NA,10364,Reg,Inside,NAmes,120000,<150k
406,20,RL,NA,9991,IR1,Corner,Timber,224500,>150k
407,50,RL,51,10480,IR1,Inside,Gilbert,170000,>150k
408,70,RL,63,15576,Reg,FR2,NAmes,139000,<150k
409,60,RL,109,14154,Reg,Inside,NAmes,118500,<150k
410,60,FV,85,10800,Reg,Inside,SWISU,145000,<150k
411,20,RL,68,9571,IR1,Inside,Sawyer,164500,>150k
412,190,RL,100,34650,Reg,Corner,Somerst,146000,<150k
413,20,FV,NA,4403,Reg,Inside,OldTown,131500,<150k
414,30,RM,56,8960,IR1,CulDSac,NAmes,181900,>150k
415,60,RL,59,11228,Reg,Inside,NridgHt,253293,>150k
416,20,RL,73,8899,Reg,Inside,Edwards,118500,<150k
417,60,RL,74,7844,Reg,Inside,OldTown,325000,>150k
418,70,RL,86,22420,Reg,Inside,BrkSide,133000,<150k
419,50,RL,60,8160,Reg,Inside,Timber,369900,>150k
420,20,RL,65,8450,Reg,Inside,BrkSide,130000,<150k
421,90,RM,78,7060,IR1,Inside,Sawyer,137000,<150k
422,20,RL,NA,16635,IR1,Inside,ClearCr,143000,<150k
423,20,RL,100,21750,Reg,Inside,BrkSide,79500,<150k
424,60,RL,80,9200,Reg,Inside,CollgCr,185900,>150k
425,20,RL,72,9000,IR1,Corner,NridgHt,451950,>150k
426,60,RM,60,3378,Reg,Inside,Mitchel,138000,<150k
427,80,RL,NA,12800,Reg,Inside,CollgCr,140000,<150k
428,20,RL,77,8593,IR1,Inside,CollgCr,110000,<150k
429,20,RL,64,6762,IR1,Inside,StoneBr,319000,>150k
430,20,RL,130,11457,Reg,Inside,OldTown,114504,<150k
431,160,RM,21,1680,Reg,Inside,Blmngtn,194201,>150k
432,50,RM,60,5586,Reg,Inside,Crawfor,217500,>150k
433,160,RM,24,1920,Reg,Inside,Blueste,151000,>150k
434,60,RL,100,10839,Reg,Inside,NridgHt,275000,>150k
435,180,RM,21,1890,Reg,Inside,IDOTRR,141000,<150k
436,60,RL,43,10667,IR1,Inside,SawyerW,220000,>150k
437,50,RM,40,4400,Reg,Inside,Somerst,151000,>150k
438,45,RM,50,6000,IR1,Inside,CollgCr,221000,>150k
439,30,RL,40,4280,Reg,Inside,NAmes,205000,>150k
440,50,RL,67,12354,IR2,Corner,CollgCr,152000,>150k
441,20,RL,105,15431,Reg,Inside,Edwards,225000,>150k
442,90,RL,92,12108,Reg,Inside,Crawfor,359100,>150k
443,50,RM,52,6240,Reg,Inside,Sawyer,118500,<150k
444,120,RL,53,3922,Reg,Inside,CollgCr,313000,>150k
445,60,RL,70,8750,IR1,FR2,NWAmes,148000,<150k
446,20,RL,73,9855,Reg,Inside,CollgCr,261500,>150k
447,20,RL,137,16492,Reg,Inside,Mitchel,147000,<150k
448,60,RL,NA,11214,Reg,Inside,MeadowV,75500,<150k
449,50,RM,50,8600,Reg,Inside,NAmes,137500,<150k
450,50,RM,50,6000,IR1,Inside,Gilbert,183200,>150k
451,30,RM,70,5684,Reg,Corner,NAmes,105500,<150k
452,20,RL,62,70761,Reg,Inside,NridgHt,314813,>150k
453,60,RL,NA,9303,Reg,Inside,Timber,305000,>150k
454,60,FV,75,9000,Reg,Inside,Edwards,67000,<150k
455,90,RL,63,9297,Reg,Inside,NWAmes,240000,>150k
456,20,RL,80,9600,Reg,Inside,Sawyer,135000,<150k
457,70,RM,34,4571,Reg,Inside,Somerst,168500,>150k
458,20,RL,NA,53227,IR2,Inside,Somerst,196000,>150k
459,70,RM,NA,5100,Reg,Inside,Timber,312500,>150k
460,50,RL,NA,7015,Reg,Inside,NWAmes,140000,<150k
461,60,FV,75,8004,IR1,Inside,StoneBr,361919,>150k
462,70,RL,60,7200,Reg,Inside,OldTown,140000,<150k
463,20,RL,60,8281,Reg,Inside,CollgCr,213000,>150k
464,70,RL,74,11988,Reg,Inside,IDOTRR,55000,<150k
465,20,RL,60,8430,IR2,CulDSac,ClearCr,302000,>150k
466,120,RM,NA,3072,Reg,Inside,NridgHt,254000,>150k
467,20,RL,85,10628,IR1,Inside,Gilbert,179540,>150k
468,70,RL,79,9480,IR1,Inside,Sawyer,109900,<150k
469,20,RL,98,11428,IR1,Inside,BrkSide,52000,<150k
470,60,RL,76,9291,Reg,Inside,IDOTRR,102776,<150k
471,120,RL,NA,6820,IR1,Inside,StoneBr,189000,>150k
472,60,RL,92,11952,Reg,Inside,BrkSide,129000,<150k
473,180,RM,35,3675,IR1,CulDSac,Sawyer,130500,<150k
474,20,RL,110,14977,Reg,Inside,NWAmes,165000,>150k
475,120,RL,41,5330,Reg,Inside,OldTown,159500,>150k
476,20,RL,80,8480,Reg,Inside,NWAmes,157000,>150k
477,20,RL,75,13125,Reg,Inside,NoRidge,341000,>150k
478,60,RL,105,13693,IR1,Inside,CollgCr,128500,<150k
479,20,RL,79,10637,IR1,CulDSac,StoneBr,275000,>150k
480,30,RM,50,5925,Reg,Inside,CollgCr,143000,<150k
481,20,RL,98,16033,Reg,Inside,NAmes,124500,<150k
482,20,RL,72,11846,Reg,Inside,Edwards,135000,<150k
483,70,RM,50,2500,IR1,Inside,Edwards,320000,>150k
484,120,RM,32,4500,Reg,Corner,SWISU,175000,>150k
485,20,RL,NA,7758,IR1,Inside,ClearCr,200000,>150k
486,20,RL,80,9600,Reg,Inside,IDOTRR,109900,<150k
487,20,RL,79,10289,Reg,Inside,CollgCr,189000,>150k
488,20,RL,70,12243,Reg,Inside,NridgHt,582933,>150k
489,190,RL,60,10800,Reg,Inside,NAmes,118000,<150k
490,180,RM,21,1526,IR1,FR2,Somerst,227680,>150k
491,160,RM,NA,2665,Reg,Inside,NAmes,135500,<150k
492,50,RL,79,9490,Reg,Inside,BrkSide,223500,>150k
493,60,RL,105,15578,Reg,Inside,NAmes,159950,>150k
494,20,RL,70,7931,Reg,Corner,OldTown,106000,<150k
495,30,RM,50,5784,Reg,Inside,NWAmes,181000,>150k
496,30,C (all),60,7879,Reg,Inside,CollgCr,144500,<150k
497,20,RL,NA,12692,Reg,Inside,IDOTRR,55993,<150k
498,50,RL,60,9120,Reg,Inside,NAmes,157900,>150k
499,20,RL,65,7800,Reg,Inside,Edwards,116000,<150k
500,20,RL,70,7535,IR2,CulDSac,CollgCr,224900,>150k
501,160,RM,21,1890,IR1,Corner,NAmes,137000,<150k
502,60,FV,75,9803,IR1,CulDSac,Mitchel,271000,>150k
503,20,RL,70,9170,Reg,Inside,ClearCr,155000,>150k
504,20,RL,100,15602,IR1,Inside,NridgHt,224000,>150k
505,160,RL,24,2308,IR1,CulDSac,CollgCr,183000,>150k
506,90,RM,60,7596,Reg,Inside,OldTown,93000,<150k
507,60,RL,80,9554,IR1,Corner,Gilbert,225000,>150k
508,20,FV,75,7862,Reg,Inside,SWISU,139500,<150k
509,70,RM,60,9600,Reg,Inside,Somerst,232600,>150k
510,20,RL,80,9600,Reg,Inside,NridgHt,385000,>150k
511,20,RL,75,14559,Reg,Inside,BrkSide,109500,<150k
512,120,RL,40,6792,IR1,Inside,SawyerW,189000,>150k
513,20,RL,70,9100,IR2,CulDSac,ClearCr,185000,>150k
514,20,RL,71,9187,Reg,Inside,Somerst,147400,<150k
515,45,RL,55,10594,IR1,Corner,NAmes,166000,>150k
516,20,RL,94,12220,Reg,Inside,Somerst,151000,>150k
517,80,RL,NA,10448,IR1,CulDSac,CollgCr,237000,>150k
518,60,RL,79,10208,Reg,Inside,NAmes,167000,>150k
519,60,RL,NA,9531,Reg,Inside,NAmes,139950,<150k
520,70,RL,53,10918,Reg,Inside,Sawyer,128000,<150k
521,190,RL,60,10800,Reg,Inside,OldTown,153500,>150k
522,20,RL,90,11988,Reg,Inside,BrDale,100000,<150k
523,50,RM,50,5000,Reg,Inside,CollgCr,144000,<150k
524,60,RL,130,40094,Reg,Inside,Edwards,130500,<150k
525,60,RL,95,11787,IR1,Inside,SWISU,140000,<150k
526,20,FV,62,7500,Reg,Inside,OldTown,157500,>150k
527,20,RL,70,13300,Reg,Inside,NAmes,174900,>150k
528,60,RL,67,14948,Reg,Corner,NAmes,141000,<150k
529,30,RL,58,9098,IR1,Inside,OldTown,153900,>150k
531,80,RL,85,10200,IR1,CulDSac,Sawyer,171000,>150k
532,70,RM,60,6155,Reg,Inside,SawyerW,213000,>150k
533,20,RL,60,7200,IR1,CulDSac,CollgCr,133500,<150k
534,20,RL,50,5000,IR2,Inside,ClearCr,240000,>150k
535,60,RL,74,9056,Reg,FR2,Veenker,187000,>150k
536,190,RL,70,7000,Reg,Inside,CollgCr,131500,<150k
537,60,RL,57,8924,Reg,Inside,Blmngtn,215000,>150k
538,20,RL,NA,12735,Reg,Inside,Crawfor,164000,>150k
539,20,RL,NA,11553,IR1,Corner,NAmes,158000,>150k
540,20,RL,NA,11423,Reg,Inside,Sawyer,170000,>150k
541,20,RL,85,14601,IR1,Corner,Sawyer,127000,<150k
542,60,RL,NA,11000,IR1,Inside,CollgCr,147000,<150k
543,20,RL,78,10140,Reg,Inside,Gilbert,174000,>150k
544,120,RH,34,4058,Reg,Inside,NWAmes,152000,>150k
545,60,RL,58,17104,IR1,Corner,NWAmes,250000,>150k
546,50,RL,NA,13837,Reg,Corner,Crawfor,189950,>150k
547,50,RL,70,8737,Reg,Inside,Sawyer,131500,<150k
548,85,RL,54,7244,Reg,Corner,SawyerW,152000,>150k
549,20,RM,49,8235,Reg,Inside,NAmes,132500,<150k
550,60,FV,75,9375,Reg,Inside,Somerst,250580,>150k
551,120,RL,53,4043,IR1,Inside,NAmes,148500,<150k
552,20,RM,50,6000,IR1,Inside,Timber,248900,>150k
553,20,RL,87,11146,Reg,Corner,Sawyer,129000,<150k
554,20,RL,67,8777,IR2,Corner,Gilbert,169000,>150k
555,60,RL,85,10625,Reg,Inside,SawyerW,236000,>150k
556,45,RM,58,6380,Reg,Inside,NAmes,109500,<150k
557,20,RL,69,14850,Reg,Inside,CollgCr,200500,>150k
558,50,C (all),60,11040,Reg,Corner,NAmes,116000,<150k
559,60,RL,57,21872,Reg,Inside,NAmes,133000,<150k
560,120,RL,NA,3196,Reg,Inside,NAmes,120500,<150k
561,20,RL,NA,11341,IR1,Corner,Crawfor,222000,>150k
562,20,RL,77,10010,Reg,Inside,CollgCr,194500,>150k
563,30,RL,63,13907,Reg,Corner,NAmes,110000,<150k
564,50,RL,66,21780,Reg,Inside,IDOTRR,103000,<150k
565,60,RL,NA,13346,IR1,Inside,StoneBr,236500,>150k
566,70,RL,66,6858,IR1,Corner,Timber,187500,>150k
567,60,RL,77,11198,IR1,Inside,CollgCr,222500,>150k
568,20,RL,70,10171,Reg,Corner,Sawyer,131400,<150k
569,50,RL,79,12327,IR1,Corner,Sawyer,108000,<150k
570,90,RL,NA,7032,Reg,Inside,OldTown,163000,>150k
571,90,RL,74,13101,Reg,Inside,NAmes,93500,<150k
572,20,RL,60,7332,IR1,CulDSac,Gilbert,239900,>150k
573,60,RL,83,13159,Reg,Inside,Edwards,179000,>150k
574,80,RL,76,9967,IR1,Inside,CollgCr,190000,>150k
575,80,RL,70,10500,Reg,Inside,OldTown,132000,<150k
576,50,RL,80,8480,IR1,Inside,Sawyer,142000,<150k
577,50,RL,52,6292,Reg,Inside,SawyerW,179000,>150k
578,80,RL,96,11777,IR1,Inside,Sawyer,175000,>150k
579,160,FV,34,3604,IR1,Inside,StoneBr,180000,>150k
580,50,RM,81,12150,IR1,Inside,NWAmes,299800,>150k
581,20,RL,NA,14585,IR1,Inside,Gilbert,236000,>150k
582,20,RL,98,12704,IR1,Corner,OldTown,265979,>150k
583,90,RL,81,11841,IR1,Inside,NoRidge,260400,>150k
584,75,RM,75,13500,Reg,Inside,Edwards,98000,<150k
585,50,RM,51,6120,Reg,Corner,OldTown,96500,<150k
586,20,RL,88,11443,Reg,Inside,Gilbert,162000,>150k
587,30,RL,55,10267,IR1,Inside,CollgCr,217000,>150k
588,85,RL,74,8740,Reg,Inside,NridgHt,275500,>150k
589,20,RL,65,25095,Reg,Inside,NAmes,156000,>150k
590,40,RM,50,9100,Reg,Inside,Somerst,172500,>150k
591,60,RL,64,8320,IR1,Inside,CollgCr,212000,>150k
592,60,RL,97,13478,IR1,CulDSac,Sawyer,158900,>150k
593,20,RL,60,6600,Reg,Inside,Somerst,179400,>150k
594,120,RM,NA,4435,IR1,Inside,NoRidge,290000,>150k
595,20,RL,88,7990,Reg,Inside,NAmes,127500,<150k
596,20,RL,69,11302,Reg,FR2,BrkSide,100000,<150k
597,70,RM,60,3600,Reg,Inside,Somerst,215200,>150k
598,120,RL,53,3922,Reg,Inside,NoRidge,337000,>150k
599,20,RL,80,12984,IR1,CulDSac,Veenker,270000,>150k
600,160,RM,24,1950,IR1,Inside,Somerst,264132,>150k
601,60,RL,74,10927,Reg,Inside,NWAmes,196500,>150k
602,50,RM,50,9000,IR1,Inside,Mitchel,160000,>150k
603,60,RL,80,10041,Reg,Inside,CollgCr,216837,>150k
604,160,FV,30,3182,IR2,CulDSac,StoneBr,538000,>150k
605,20,RL,88,12803,IR1,CulDSac,Sawyer,134900,<150k
606,60,RL,85,13600,Reg,Inside,Edwards,102000,<150k
607,20,RL,82,12464,Reg,Inside,Edwards,107000,<150k
608,20,RL,78,7800,Reg,Inside,NAmes,114500,<150k
609,70,RL,78,12168,Reg,Corner,NridgHt,395000,>150k
610,20,RL,61,7943,Reg,FR2,Mitchel,162000,>150k
611,60,RL,NA,11050,IR1,Inside,CollgCr,221500,>150k
612,80,RL,NA,10395,IR1,Inside,Sawyer,142500,<150k
613,60,RL,NA,11885,Reg,Inside,SawyerW,144000,<150k
614,20,RL,70,8402,Reg,Inside,Mitchel,135000,<150k
615,180,RM,21,1491,Reg,Inside,Gilbert,176000,>150k
616,85,RL,80,8800,Reg,Inside,SawyerW,175900,>150k
617,60,RL,NA,7861,IR2,Inside,CollgCr,187100,>150k
618,45,RL,59,7227,IR1,Corner,Mitchel,165500,>150k
619,20,RL,90,11694,Reg,Inside,OldTown,128000,<150k
620,60,RL,85,12244,Reg,Inside,NWAmes,161500,>150k
621,30,RL,45,8248,Reg,Inside,OldTown,139000,<150k
622,60,RL,90,10800,IR1,Inside,SawyerW,233000,>150k
623,20,RL,71,7064,Reg,Corner,OldTown,107900,<150k
624,160,FV,NA,2117,IR1,Inside,ClearCr,187500,>150k
625,60,RL,80,10400,Reg,Inside,Blmngtn,160200,>150k
626,20,RL,87,10000,IR1,Corner,Mitchel,146800,<150k
627,20,RL,NA,12342,IR1,CulDSac,NoRidge,269790,>150k
628,80,RL,80,9600,Reg,Inside,Somerst,225000,>150k
629,60,RL,70,11606,IR1,Corner,Gilbert,194500,>150k
630,80,RL,82,9020,Reg,Inside,SawyerW,171000,>150k
631,70,RM,50,9000,Reg,Inside,Sawyer,143500,<150k
632,120,RL,34,4590,Reg,Inside,NAmes,110000,<150k
633,20,RL,85,11900,Reg,Inside,NridgHt,485000,>150k
634,20,RL,80,9250,Reg,Inside,Edwards,84900,<150k
635,90,RL,64,6979,IR1,Inside,Gilbert,176485,>150k
636,190,RH,60,10896,IR1,Corner,CollgCr,200141,>150k
637,30,RM,51,6120,Reg,Corner,NAmes,165000,>150k
638,190,RM,50,6000,Reg,Inside,Edwards,144500,<150k
639,30,RL,67,8777,Reg,Corner,CollgCr,255000,>150k
640,120,RL,53,3982,Reg,Inside,NWAmes,180000,>150k
641,120,RL,62,12677,IR1,Inside,NridgHt,185850,>150k
642,60,FV,NA,7050,IR2,FR2,NoRidge,248000,>150k
643,80,RL,75,13860,IR1,Inside,NridgHt,335000,>150k
644,60,RL,80,10793,IR1,Corner,Crawfor,220000,>150k
645,20,FV,85,9187,Reg,Inside,StoneBr,213500,>150k
646,20,RL,NA,10530,Reg,Inside,IDOTRR,81000,<150k
647,20,RL,60,7200,Reg,Inside,OldTown,90000,<150k
648,20,RL,85,10452,Reg,Inside,OldTown,110500,<150k
649,60,RL,70,7700,IR1,CulDSac,NAmes,154000,>150k
650,180,RM,21,1936,Reg,Inside,ClearCr,328000,>150k
652,70,RL,60,9084,IR1,Inside,Gilbert,178000,>150k
653,60,RL,70,8750,Reg,Inside,NAmes,167900,>150k
654,50,RM,60,10320,Reg,Inside,MeadowV,151400,>150k
655,20,RL,91,10437,Reg,Inside,NAmes,135000,<150k
656,160,RM,21,1680,Reg,Inside,NAmes,135000,<150k
657,20,RL,72,10007,Reg,Inside,NWAmes,154000,>150k
658,70,RL,60,7200,Reg,Inside,Edwards,91500,<150k
659,50,RL,78,17503,IR1,Corner,Edwards,159500,>150k
660,20,RL,75,9937,Reg,Inside,OldTown,66500,<150k
661,60,RL,NA,12384,Reg,Inside,Somerst,303477,>150k
662,60,RL,52,46589,Reg,Inside,Mitchel,132250,<150k
663,20,RL,120,13560,Reg,Inside,NridgHt,350000,>150k
664,85,RL,90,10012,IR1,Inside,Sawyer,148000,<150k
665,20,RL,49,20896,IR1,CulDSac,CollgCr,136500,<150k
666,60,RL,106,11194,Reg,Inside,Edwards,157000,>150k
667,60,RL,NA,18450,IR1,CulDSac,Timber,187500,>150k
668,20,RL,65,8125,IR1,Corner,Gilbert,178000,>150k
669,20,RL,NA,14175,Reg,Inside,SWISU,118500,<150k
670,30,RL,80,11600,Reg,Inside,NAmes,100000,<150k
671,60,RL,64,8633,IR1,CulDSac,Somerst,328900,>150k
672,70,RH,54,6629,Reg,Corner,NAmes,145000,<150k
673,20,RL,NA,11250,IR1,Inside,Edwards,135500,<150k
674,20,RL,110,14442,IR1,Inside,NAmes,268000,>150k
675,20,RL,80,9200,Reg,Inside,NAmes,149500,<150k
676,160,RL,24,2289,Reg,Corner,NAmes,122900,<150k
677,70,RM,60,9600,Reg,Inside,Sawyer,172500,>150k
678,30,RL,52,9022,Reg,Inside,Sawyer,154500,>150k
679,20,RL,80,11844,Reg,Inside,Sawyer,165000,>150k
680,20,RL,NA,9945,Reg,Inside,SawyerW,118858,<150k
681,120,RL,50,8012,Reg,Inside,NAmes,140000,<150k
682,50,RH,55,4500,Reg,Inside,IDOTRR,106500,<150k
683,120,RL,NA,2887,Reg,Inside,SawyerW,142953,<150k
684,20,RL,90,11248,IR1,Inside,NridgHt,611657,>150k
685,60,RL,58,16770,Reg,Inside,Sawyer,135000,<150k
686,160,RL,NA,5062,IR1,Inside,NAmes,110000,<150k
687,60,FV,84,10207,IR1,Inside,NAmes,153000,>150k
688,160,FV,NA,5105,Reg,Inside,Gilbert,180000,>150k
689,20,RL,60,8089,IR1,CulDSac,Gilbert,240000,>150k
690,120,RL,61,7577,IR1,Inside,Sawyer,125500,<150k
691,120,RM,NA,4426,Reg,Inside,NAmes,128000,<150k
692,60,RL,104,21535,IR1,Corner,Somerst,255000,>150k
693,60,RL,42,26178,IR1,Inside,Crawfor,250000,>150k
694,30,RL,60,5400,IR1,Inside,Mitchel,131000,<150k
695,50,RM,51,6120,IR2,Inside,Gilbert,174000,>150k
696,20,RL,54,13811,Reg,Corner,NAmes,154300,>150k
697,30,RM,50,6000,IR1,CulDSac,CollgCr,143500,<150k
698,20,RL,57,6420,Reg,Inside,BrkSide,88000,<150k
699,20,RL,65,8450,Reg,Inside,Crawfor,145000,<150k
700,120,FV,59,4282,Reg,Inside,Somerst,173733,>150k
701,20,RL,85,14331,Reg,Inside,MeadowV,75000,<150k
702,20,RL,80,9600,Reg,Inside,IDOTRR,35311,<150k
703,60,RL,82,12438,Reg,Inside,Edwards,135000,<150k
704,190,RM,76,7630,IR1,Corner,SawyerW,238000,>150k
705,20,RL,70,8400,IR1,Corner,NAmes,176500,>150k
706,190,RM,70,5600,IR1,Inside,SawyerW,201000,>150k
707,20,RL,NA,115149,Reg,Inside,Edwards,145900,<150k
708,120,RL,48,6240,Reg,Inside,Gilbert,169990,>150k
709,60,RL,65,9018,Reg,Inside,SawyerW,193000,>150k
710,20,RL,NA,7162,Reg,Inside,NWAmes,207500,>150k
711,30,RL,56,4130,Reg,Inside,CollgCr,206000,>150k
712,50,C (all),66,8712,Reg,Corner,Edwards,82000,<150k
713,120,RL,40,4671,Reg,Corner,OldTown,86000,<150k
714,190,RL,60,9873,IR1,Inside,Somerst,232000,>150k
715,60,RL,NA,13517,IR1,Corner,NWAmes,136905,<150k
716,20,RL,78,10140,Reg,Inside,Blmngtn,181000,>150k
717,70,RM,60,10800,Reg,Inside,CollgCr,149900,<150k
718,20,RL,80,10000,IR3,Inside,NAmes,163500,>150k
719,60,RL,96,10542,Reg,Inside,MeadowV,88000,<150k
720,20,RL,69,9920,IR1,CulDSac,Mitchel,240000,>150k
721,120,RL,NA,6563,Reg,Inside,SWISU,102000,<150k
722,120,RM,NA,4426,Reg,Inside,Sawyer,135000,<150k
723,20,RL,70,8120,Reg,Inside,Edwards,100000,<150k
724,50,RL,60,8172,Reg,Inside,Crawfor,165000,>150k
725,20,RL,86,13286,Reg,Inside,OldTown,85000,<150k
726,20,RL,60,6960,Reg,Inside,NAmes,119200,<150k
727,20,RL,NA,21695,Reg,Inside,NWAmes,227000,>150k
728,20,RL,64,7314,Reg,Inside,CollgCr,203000,>150k
729,90,RL,85,11475,IR1,CulDSac,StoneBr,187500,>150k
730,30,RM,52,6240,IR1,FR2,Gilbert,160000,>150k
731,120,RL,39,5389,Reg,Inside,Blmngtn,213490,>150k
732,80,RL,73,9590,Reg,Inside,Edwards,176000,>150k
733,60,RL,75,11404,Reg,Inside,CollgCr,194000,>150k
734,20,RL,80,10000,Reg,Inside,OldTown,87000,<150k
735,20,RL,NA,8978,Reg,Inside,Blmngtn,191000,>150k
736,75,RM,60,10800,IR1,Corner,Timber,287000,>150k
737,90,RL,60,8544,Reg,Corner,CollgCr,112500,<150k
738,60,RL,72,10463,Reg,Inside,NAmes,167500,>150k
739,90,RL,60,10800,IR1,Inside,Timber,293077,>150k
740,60,RL,65,9313,Reg,Inside,NAmes,105000,<150k
741,70,RM,60,9600,Reg,Inside,BrDale,118000,<150k
742,20,RL,65,6768,Reg,Inside,SWISU,160000,>150k
743,20,RL,65,8450,Reg,Corner,SWISU,197000,>150k
744,80,RL,70,12886,IR1,Corner,NoRidge,310000,>150k
745,120,RL,41,5395,Reg,Inside,CollgCr,230000,>150k
746,60,RL,NA,8963,Reg,Inside,Crawfor,119750,<150k
747,60,RL,NA,8795,IR1,CulDSac,Edwards,84000,<150k
748,70,RM,65,11700,IR1,Inside,Timber,315500,>150k
749,20,RL,59,10593,Reg,Inside,CollgCr,287000,>150k
750,50,RL,50,8405,Reg,Inside,MeadowV,97000,<150k
751,50,RM,55,8800,Reg,Inside,MeadowV,80000,<150k
752,60,RL,NA,7750,Reg,Corner,Sawyer,155000,>150k
753,20,RL,79,9236,Reg,Inside,NWAmes,173000,>150k
754,60,RL,80,10240,IR1,Inside,NridgHt,196000,>150k
755,20,RL,61,7930,Reg,Inside,SawyerW,262280,>150k
756,160,FV,34,3230,Reg,Inside,NWAmes,278000,>150k
757,60,RL,68,10769,IR1,CulDSac,Edwards,139600,<150k
758,60,RL,NA,11616,IR1,Inside,StoneBr,556581,>150k
759,160,FV,24,2280,IR2,Inside,CollgCr,145000,<150k
760,60,RL,65,12257,Reg,Inside,Mitchel,115000,<150k
761,20,RL,70,9100,IR1,Corner,NWAmes,175000,>150k
762,30,RM,60,6911,Reg,Inside,NridgHt,285000,>150k
763,60,FV,72,8640,Reg,Inside,NWAmes,176000,>150k
764,60,RL,82,9430,Reg,Inside,CollgCr,236500,>150k
765,120,RL,30,9549,IR1,Corner,Gilbert,222000,>150k
766,20,RL,75,14587,IR1,Inside,Timber,201000,>150k
767,60,RL,80,10421,Reg,Inside,NAmes,117500,<150k
768,50,RL,75,12508,IR1,Corner,Somerst,320000,>150k
769,20,RL,70,9100,Reg,FR2,CollgCr,190000,>150k
770,60,RL,47,53504,IR2,Inside,NAmes,242000,>150k
771,85,RL,NA,7252,IR1,Inside,BrkSide,79900,<150k
772,20,RL,67,8877,Reg,Inside,SawyerW,184900,>150k
773,80,RL,94,7819,Reg,Inside,Somerst,253000,>150k
774,20,RL,70,10150,Reg,Inside,CollgCr,239799,>150k
775,20,RL,110,14226,Reg,Inside,ClearCr,244400,>150k
776,120,RM,32,4500,IR1,Inside,Mitchel,150900,>150k
777,20,RL,86,11210,IR1,FR2,Gilbert,214000,>150k
778,20,RL,100,13350,IR1,Inside,Edwards,150000,<150k
779,90,RH,60,8400,Reg,Inside,Mitchel,143000,<150k
780,90,RL,78,10530,IR1,CulDSac,Timber,137500,<150k
781,20,RL,63,7875,Reg,Corner,OldTown,124900,<150k
782,60,RL,65,7153,Reg,Inside,NAmes,143000,<150k
783,20,RL,67,16285,Reg,Inside,Timber,270000,>150k
784,85,RL,NA,9101,IR1,Inside,CollgCr,192500,>150k
785,75,RM,35,6300,Reg,Inside,NWAmes,197500,>150k
786,20,RL,NA,9790,Reg,Inside,NAmes,129000,<150k
787,50,RM,60,10800,Reg,Corner,SawyerW,119900,<150k
788,60,RL,76,10142,Reg,Inside,CollgCr,133900,<150k
789,20,RM,50,6000,IR1,Inside,Mitchel,172000,>150k
790,60,RL,NA,12205,IR1,CulDSac,Edwards,127500,<150k
791,120,RL,43,3182,IR1,Inside,Crawfor,145000,<150k
792,80,RL,NA,11333,Reg,Inside,Blueste,124000,<150k
793,60,RL,92,9920,Reg,Inside,Sawyer,132000,<150k
794,20,RL,76,9158,Reg,Inside,CollgCr,185000,>150k
795,60,RL,NA,10832,Reg,FR2,Somerst,155000,>150k
796,60,RL,70,8400,IR1,Inside,BrkSide,116500,<150k
797,20,RL,71,8197,IR1,Corner,NWAmes,272000,>150k
798,20,RL,57,7677,Reg,Corner,NPkVill,155000,>150k
799,60,RL,104,13518,IR1,Corner,CollgCr,239000,>150k
800,50,RL,60,7200,Reg,Corner,Timber,214900,>150k
801,60,RL,79,12798,Reg,Inside,Gilbert,178900,>150k
802,30,RM,40,4800,IR1,Inside,Crawfor,160000,>150k
803,60,RL,63,8199,IR1,Inside,NAmes,135000,<150k
804,60,RL,107,13891,Reg,Inside,OldTown,37900,<150k
805,20,RL,75,9000,Reg,Inside,NAmes,140000,<150k
806,20,RL,91,12274,Reg,Inside,NAmes,135000,<150k
807,80,RL,75,9750,Reg,Inside,NridgHt,173000,>150k
808,70,RL,144,21384,Reg,Inside,SawyerW,99500,<150k
809,80,RL,85,13400,Reg,Corner,Somerst,182000,>150k
810,75,RM,90,8100,IR1,Corner,BrkSide,167500,>150k
811,20,RL,78,10140,Reg,FR2,Somerst,165000,>150k
812,120,RM,NA,4438,IR1,Inside,BrkSide,85500,<150k
813,20,C (all),66,8712,IR1,Inside,Somerst,199900,>150k
814,20,RL,75,9750,Reg,Inside,Edwards,110000,<150k
815,50,RL,45,8248,Reg,Corner,Sawyer,139000,<150k
816,20,RL,48,12137,IR1,Corner,NAmes,178400,>150k
817,20,RL,NA,11425,IR1,Corner,NoRidge,336000,>150k
818,20,RL,NA,13265,Reg,Inside,Blmngtn,159895,>150k
819,80,RL,80,8816,Reg,Corner,CollgCr,255900,>150k
820,120,RL,44,6371,Reg,Inside,Mitchel,126000,<150k
821,60,RL,72,7226,Reg,Inside,Edwards,125000,<150k
822,20,RM,60,6000,Reg,Corner,OldTown,117000,<150k
823,60,RL,NA,12394,IR1,Inside,NridgHt,395192,>150k
824,50,RL,60,9900,IR1,Inside,NWAmes,195000,>150k
825,20,FV,81,11216,Reg,Inside,Somerst,197000,>150k
826,20,RL,114,14803,Reg,Inside,NoRidge,348000,>150k
827,45,RM,50,6130,Reg,Corner,OldTown,168000,>150k
828,20,RL,65,8529,Reg,Inside,NAmes,187000,>150k
829,60,RL,NA,28698,Reg,Inside,CollgCr,173900,>150k
830,160,FV,24,2544,Reg,FR2,NridgHt,337500,>150k
831,20,RL,80,11900,IR1,Inside,BrkSide,121600,<150k
832,160,FV,30,3180,IR1,Inside,NAmes,136500,<150k
833,60,RL,44,9548,IR1,Inside,NWAmes,185000,>150k
834,20,RL,100,10004,Reg,Inside,IDOTRR,91000,<150k
835,20,RL,75,7875,Reg,Inside,CollgCr,194000,>150k
836,20,RL,60,9600,Reg,Inside,Crawfor,219500,>150k
837,30,RM,90,8100,Reg,Inside,OldTown,170000,>150k
838,160,RM,21,1680,IR1,Corner,NAmes,138800,<150k
839,20,RL,75,9525,Reg,Inside,CollgCr,155900,>150k
840,50,RL,70,11767,Reg,Inside,CollgCr,126000,<150k
841,70,RH,NA,12155,Reg,Inside,NWAmes,145000,<150k
842,70,RM,60,10440,Reg,Corner,Sawyer,133000,<150k
843,80,RL,82,9020,Reg,Inside,CollgCr,192000,>150k
844,90,RL,80,8000,Reg,Inside,NAmes,160000,>150k
845,50,RM,100,12665,IR2,Corner,Gilbert,187500,>150k
846,85,RL,NA,16647,Reg,Inside,SawyerW,147000,<150k
847,60,RL,75,9317,Reg,Inside,MeadowV,83500,<150k
848,20,RL,36,15523,Reg,Inside,Somerst,252000,>150k
849,50,RL,75,45600,Reg,Inside,Edwards,137500,<150k
850,80,RL,80,9600,IR1,Inside,Somerst,197000,>150k
851,120,RM,36,4435,Reg,Corner,NAmes,92900,<150k
852,120,RL,NA,3196,Reg,Inside,Somerst,160000,>150k
853,75,RL,53,7128,Reg,Inside,SWISU,136500,<150k
854,80,RL,NA,12095,Reg,Corner,NAmes,146000,<150k
855,20,RL,102,17920,Reg,Inside,NAmes,129000,<150k
856,20,RL,NA,6897,IR1,Inside,CollgCr,176432,>150k
857,80,RL,NA,10970,Reg,Inside,IDOTRR,127000,<150k
858,60,RL,65,8125,Reg,Inside,StoneBr,170000,>150k
859,20,RL,80,10400,Reg,Inside,BrkSide,128000,<150k
860,60,RL,NA,11029,IR1,Inside,NWAmes,157000,>150k
861,50,RL,55,7642,IR1,Inside,Crawfor,239000,>150k
862,190,RL,75,11625,Reg,Inside,NoRidge,285000,>150k
863,20,RL,81,9672,IR1,CulDSac,Mitchel,119500,<150k
864,20,RL,70,7931,Reg,Inside,OldTown,115000,<150k
865,20,FV,72,8640,IR1,FR2,Crawfor,154900,>150k
866,20,RL,NA,8750,Reg,Corner,Edwards,93000,<150k
867,20,RL,67,10656,IR2,Corner,Timber,250000,>150k
868,20,RL,85,6970,IR1,Inside,Crawfor,392500,>150k
869,60,RL,NA,14762,IR1,Corner,NoRidge,745000,>150k
870,60,RL,80,9938,Reg,Inside,OldTown,120000,<150k
871,20,RL,60,6600,Reg,Inside,Timber,186700,>150k
872,60,RL,70,8750,Reg,Inside,Edwards,104900,<150k
873,20,RL,74,8892,IR1,Corner,OldTown,95000,<150k
874,40,RL,60,12144,Reg,Corner,NoRidge,262000,>150k
875,50,RM,52,5720,IR1,Inside,CollgCr,195000,>150k
876,60,FV,75,9000,Reg,Inside,Gilbert,189000,>150k
877,20,RL,94,25286,Reg,Inside,Mitchel,168000,>150k
878,60,RL,74,8834,Reg,Inside,Somerst,174000,>150k
879,85,RL,88,11782,Reg,Inside,OldTown,125000,<150k
880,20,RL,NA,7000,Reg,FR2,Mitchel,165000,>150k
881,20,RL,60,7024,Reg,Corner,Sawyer,158000,>150k
882,50,RL,44,13758,IR1,Inside,Gilbert,176000,>150k
883,60,RL,NA,9636,IR1,Inside,Gilbert,219210,>150k
884,75,RL,60,6204,IR1,Corner,OldTown,144000,<150k
885,20,RL,65,7150,Reg,Inside,CollgCr,178000,>150k
886,120,FV,50,5119,Reg,Inside,Sawyer,148000,<150k
887,90,RL,70,8393,Reg,Inside,NAmes,116050,<150k
888,50,RL,59,16466,Reg,Corner,CollgCr,197900,>150k
889,20,RL,95,15865,Reg,Corner,BrkSide,117000,<150k
890,20,RL,128,12160,Reg,Inside,CollgCr,213000,>150k
891,50,RL,60,8064,Reg,Inside,NWAmes,153500,>150k
892,60,RL,70,11184,IR1,CulDSac,SawyerW,271900,>150k
893,20,RL,70,8414,Reg,Inside,SawyerW,107000,<150k
894,20,RL,NA,13284,Reg,Inside,CollgCr,200000,>150k
895,90,RL,64,7018,Reg,Inside,NAmes,140000,<150k
896,60,RL,71,7056,IR1,CulDSac,Somerst,290000,>150k
897,30,RM,50,8765,Reg,Inside,SawyerW,189000,>150k
898,90,RL,64,7018,IR1,Inside,Gilbert,164000,>150k
899,20,RL,100,12919,Reg,Inside,Edwards,113000,<150k
900,20,RL,65,6993,IR1,CulDSac,Sawyer,145000,<150k
901,20,RL,NA,7340,IR1,Inside,NAmes,134500,<150k
902,20,RL,64,8712,IR1,Inside,Sawyer,125000,<150k
903,60,RL,63,7875,Reg,Inside,Sawyer,112000,<150k
904,20,RL,50,14859,Reg,Inside,Somerst,229456,>150k
905,20,RL,NA,6173,Reg,Inside,BrkSide,80500,<150k
906,20,RL,80,9920,Reg,Inside,BrDale,91500,<150k
907,20,RL,116,13501,IR1,Inside,NAmes,115000,<150k
908,50,RL,86,11500,Reg,Inside,Sawyer,134000,<150k
909,20,RL,NA,8885,Reg,Inside,NAmes,143000,<150k
910,60,RL,149,12589,Reg,Inside,NAmes,137900,<150k
911,90,RL,80,11600,IR1,Inside,Gilbert,184000,>150k
912,20,RL,NA,9286,Reg,Inside,NAmes,145000,<150k
913,30,RM,51,6120,IR1,CulDSac,Somerst,214000,>150k
914,90,RH,82,6270,Reg,Corner,NAmes,147000,<150k
915,160,FV,30,3000,Reg,Corner,NridgHt,367294,>150k
916,160,RM,21,2001,Reg,Inside,NAmes,127000,<150k
917,20,C (all),50,9000,IR1,Inside,Sawyer,190000,>150k
918,20,RL,NA,17140,Reg,Inside,NAmes,132500,<150k
919,60,RL,103,13125,Reg,FR2,NAmes,101800,<150k
920,20,RL,87,11029,IR1,Inside,NAmes,142000,<150k
921,60,RL,70,8462,Reg,Inside,SWISU,130000,<150k
922,90,RL,67,8777,Reg,Inside,Crawfor,138887,<150k
923,20,RL,65,10237,Reg,Inside,NridgHt,175500,>150k
924,120,RL,50,8012,IR2,FR2,CollgCr,195000,>150k
925,20,RL,79,10240,Reg,Inside,SawyerW,142500,<150k
926,20,RL,NA,15611,IR1,Inside,Timber,265900,>150k
927,60,RL,93,11999,Reg,Inside,CollgCr,224900,>150k
928,60,RL,NA,9900,Reg,Inside,Somerst,248328,>150k
929,20,RL,NA,11838,Reg,Inside,NWAmes,170000,>150k
930,60,RL,NA,13006,Reg,Inside,NridgHt,465000,>150k
931,20,RL,73,8925,IR1,Corner,Crawfor,230000,>150k
932,20,RL,70,9100,Reg,Inside,NWAmes,178000,>150k
933,20,RL,84,11670,Reg,Inside,Somerst,186500,>150k
934,20,RL,63,8487,IR1,Inside,Mitchel,169900,>150k
935,20,RL,313,27650,Reg,Inside,OldTown,129500,<150k
936,30,RL,52,5825,Reg,Inside,SWISU,60000,<150k
938,60,RL,75,9675,IR1,Inside,NAmes,119500,<150k
939,60,RL,73,8760,Reg,Inside,NAmes,135000,<150k
940,70,RL,NA,24090,Reg,Corner,NAmes,159500,>150k
941,90,RL,55,12640,Reg,Inside,BrDale,106000,<150k
942,60,RL,NA,8755,IR1,Corner,NoRidge,325000,>150k
943,90,RL,42,7711,IR1,Corner,SawyerW,179900,>150k
944,90,RL,100,25000,IR3,CulDSac,Gilbert,274725,>150k
945,20,RL,NA,14375,Reg,Inside,Gilbert,181000,>150k
946,50,RM,98,8820,IR1,Inside,NridgHt,280000,>150k
947,80,RL,70,8163,Reg,Inside,Gilbert,188000,>150k
948,20,RL,85,14536,Reg,Inside,NWAmes,205000,>150k
949,60,RL,65,14006,IR1,Corner,NAmes,129900,<150k
950,20,RL,78,9360,Reg,Inside,NAmes,134500,<150k
951,20,RL,60,7200,Reg,Inside,OldTown,117000,<150k
952,20,RH,60,7800,Reg,Inside,NridgHt,318000,>150k
953,85,RL,60,7200,Reg,Inside,Gilbert,184100,>150k
954,60,RL,NA,11075,IR1,FR2,Sawyer,130000,<150k
955,90,RL,35,9400,Reg,Inside,Sawyer,140000,<150k
956,90,RH,82,7136,Reg,Inside,NAmes,133700,<150k
957,160,RM,24,1300,Reg,Inside,IDOTRR,118400,<150k
958,20,RL,70,7420,Reg,Inside,CollgCr,212900,>150k
959,20,RL,65,8450,IR1,Corner,Edwards,112000,<150k
960,160,FV,24,2572,Reg,Inside,Edwards,118000,<150k
961,20,RL,50,7207,IR1,Inside,Gilbert,163900,>150k
962,60,RL,NA,12227,Reg,Inside,NAmes,115000,<150k
963,160,RL,24,2308,Reg,Inside,Blmngtn,174000,>150k
964,20,RL,122,11923,IR3,Corner,Gilbert,259000,>150k
965,60,RL,80,11316,IR1,Inside,Gilbert,215000,>150k
966,60,RL,65,10237,Reg,Inside,OldTown,140000,<150k
967,50,RL,130,9600,Reg,Inside,SWISU,135000,<150k
968,20,RL,NA,7390,Reg,Inside,Mitchel,93500,<150k
969,50,RM,50,5925,Reg,Inside,OldTown,117500,<150k
970,190,RL,75,10382,IR1,Inside,SawyerW,239500,>150k
971,50,RL,60,10800,IR1,Inside,Gilbert,169000,>150k
972,160,RL,36,2268,Reg,Corner,BrkSide,102000,<150k
973,120,RL,55,7892,Reg,Inside,NAmes,119000,<150k
975,70,RL,60,11414,Reg,Inside,Sawyer,94000,<150k
976,160,FV,NA,2651,IR1,Inside,Mitchel,196000,>150k
977,30,RL,51,5900,IR1,Inside,BrkSide,144000,<150k
979,20,RL,68,9450,Reg,Corner,NAmes,139000,<150k
980,20,RL,80,8816,IR1,CulDSac,NWAmes,197500,>150k
981,85,RL,NA,12122,Reg,Inside,CollgCr,424870,>150k
982,60,RL,98,12203,Reg,Inside,Sawyer,80000,<150k
983,20,RL,43,3182,Reg,Inside,Edwards,80000,<150k
984,60,RL,NA,11250,Reg,Inside,BrkSide,149000,<150k
985,90,RL,75,10125,Reg,Inside,SawyerW,180000,>150k
986,190,RL,68,10880,Reg,Inside,Crawfor,174500,>150k
987,50,RM,59,5310,Reg,Inside,OldTown,116900,<150k
988,20,RL,83,10159,Reg,Inside,OldTown,143000,<150k
989,60,RL,NA,12046,IR1,Inside,NAmes,124000,<150k
990,60,FV,65,8125,Reg,Inside,Edwards,149900,<150k
991,60,RL,82,9452,IR1,Inside,Crawfor,230000,>150k
992,70,RM,121,17671,Reg,Corner,IDOTRR,120500,<150k
993,60,RL,80,9760,IR1,Inside,NAmes,201800,>150k
994,60,RL,68,8846,IR1,Corner,Veenker,218000,>150k
995,20,RL,96,12456,Reg,Inside,NAmes,179900,>150k
996,50,RL,51,4712,IR1,Inside,NridgHt,230000,>150k
997,20,RL,NA,10659,Reg,FR2,Somerst,235128,>150k
998,20,RL,NA,11717,Reg,Inside,NWAmes,185000,>150k
999,30,RM,60,9786,Reg,Inside,NPkVill,146000,<150k
1000,20,RL,64,6762,IR1,CulDSac,Crawfor,224000,>150k
1001,20,RL,74,10206,Reg,Inside,Somerst,244600,>150k
1002,30,RL,60,5400,Reg,Inside,SawyerW,179200,>150k
1003,20,RL,75,11957,IR1,Inside,Somerst,164700,>150k
1004,90,RL,NA,11500,IR1,Inside,NAmes,159000,>150k
1005,120,RL,43,3182,IR1,Corner,NAmes,88000,<150k
1006,80,RL,65,8385,IR1,Inside,Sawyer,122000,<150k
1007,20,RL,NA,12155,Reg,Inside,BrkSide,153575,>150k
1008,160,RM,21,2217,Reg,Inside,CollgCr,233230,>150k
1009,20,RL,43,12118,Reg,Inside,SWISU,135900,<150k
1010,50,RL,60,6000,Reg,Inside,Edwards,131000,<150k
1011,50,RL,115,21286,IR1,Corner,NWAmes,235000,>150k
1012,90,RL,75,9825,Reg,Inside,NAmes,167000,>150k
1013,70,RL,55,10592,IR1,CulDSac,Mitchel,142500,<150k
1014,30,RM,60,7200,Reg,Inside,IDOTRR,152000,>150k
1015,20,RL,60,11664,IR1,Inside,Somerst,239000,>150k
1016,60,RL,70,8400,Reg,Inside,NWAmes,175000,>150k
1017,20,RL,73,11883,Reg,Corner,Edwards,140000,<150k
1018,120,RL,NA,5814,Reg,Inside,Mitchel,171500,>150k
1019,80,RL,NA,10784,Reg,Corner,OldTown,112000,<150k
1020,120,RL,43,3013,Reg,Inside,CollgCr,149000,<150k
1021,20,RL,60,7024,Reg,Inside,OldTown,110000,<150k
1022,20,RL,64,7406,Reg,Corner,Gilbert,180500,>150k
1023,50,RM,52,9439,IR1,CulDSac,Sawyer,143900,<150k
1024,120,RL,43,3182,IR1,Inside,NAmes,141000,<150k
1025,20,RL,NA,15498,IR1,Inside,SawyerW,277000,>150k
1026,20,RL,70,7700,Reg,Inside,NAmes,145000,<150k
1027,20,RL,73,9300,Reg,Inside,Edwards,98000,<150k
1028,20,RL,71,9520,Reg,Corner,Edwards,186000,>150k
1029,50,RL,79,9492,Reg,Inside,Somerst,252678,>150k
1030,160,RM,21,1680,IR2,CulDSac,CollgCr,156000,>150k
1031,190,RH,NA,7082,IR1,FR2,CollgCr,161750,>150k
1032,75,RL,102,15863,IR1,Inside,NAmes,134450,<150k
1033,60,RL,NA,14541,Reg,Inside,CollgCr,210000,>150k
1034,20,RL,NA,8125,Reg,Inside,OldTown,107000,<150k
1035,30,RL,50,6305,IR1,Corner,Crawfor,311500,>150k
1036,20,RL,NA,11500,Reg,Inside,Blmngtn,167240,>150k
1037,20,RL,89,12898,IR1,Inside,CollgCr,204900,>150k
1038,60,RL,NA,9240,IR1,Inside,Gilbert,200000,>150k
1039,160,RM,21,1533,Reg,Inside,NWAmes,179900,>150k
1040,180,RM,21,1477,Reg,FR2,NAmes,97000,<150k
1041,20,RL,88,13125,Reg,Inside,NridgHt,386250,>150k
1042,60,RL,NA,9130,Reg,Inside,BrDale,112000,<150k
1043,120,RL,34,5381,IR1,Inside,NoRidge,290000,>150k
1044,60,RL,86,11839,Reg,Inside,BrDale,106000,<150k
1045,20,RL,80,9600,Reg,FR2,Sawyer,125000,<150k
1046,20,RL,NA,13680,Reg,Inside,Blmngtn,192500,>150k
1047,60,RL,85,16056,Reg,Inside,NAmes,148000,<150k
1048,20,RL,57,9245,IR1,Inside,NoRidge,403000,>150k
1049,20,RL,100,21750,Reg,Inside,BrDale,94500,<150k
1050,20,RL,60,11100,Reg,Corner,CollgCr,128200,<150k
1051,20,RL,73,8993,Reg,Inside,Gilbert,216500,>150k
1052,20,RL,103,11175,Reg,Inside,BrDale,89500,<150k
1053,60,RL,100,9500,Reg,FR2,CollgCr,185500,>150k
1054,20,RL,68,8562,IR1,CulDSac,SawyerW,194500,>150k
1055,60,RL,90,11367,Reg,Inside,NridgHt,318000,>150k
1056,20,RL,104,11361,Reg,Inside,Edwards,113000,<150k
1057,120,RL,43,7052,Reg,Inside,Somerst,262500,>150k
1058,60,RL,NA,29959,Reg,Inside,OldTown,110500,<150k
1059,60,RL,96,11308,Reg,Corner,OldTown,79000,<150k
1060,50,RL,NA,11275,Reg,Corner,SawyerW,120000,<150k
1061,120,RL,41,4920,IR1,Inside,SawyerW,205000,>150k
1062,30,C (all),120,18000,Reg,Inside,NWAmes,241500,>150k
1063,190,RM,85,13600,Reg,Inside,OldTown,137000,<150k
1064,30,RM,50,6000,Reg,Inside,NAmes,140000,<150k
1065,20,RL,NA,11000,Reg,Inside,CollgCr,180000,>150k
1066,60,RL,80,14000,IR2,CulDSac,ClearCr,277000,>150k
1067,60,RL,59,7837,IR1,Inside,BrkSide,76500,<150k
1068,60,RL,80,9760,IR1,Inside,Crawfor,235000,>150k
1069,160,RM,42,3964,IR1,Inside,SawyerW,173000,>150k
1070,45,RL,60,9600,Reg,Inside,NAmes,158000,>150k
1071,20,RL,72,10152,Reg,Inside,NAmes,145000,<150k
1072,60,RL,78,11700,IR1,Inside,Gilbert,230000,>150k
1073,50,RL,50,7585,IR1,Inside,Somerst,207500,>150k
1074,60,RL,75,7950,Reg,Inside,CollgCr,220000,>150k
1075,20,RL,74,8556,Reg,Inside,CollgCr,231500,>150k
1076,70,RL,75,13125,Reg,Inside,OldTown,97000,<150k
1077,50,RL,60,10800,Reg,Corner,NAmes,176000,>150k
1078,20,RL,NA,15870,IR1,Inside,CollgCr,276000,>150k
1079,120,RM,37,4435,IR1,Corner,Sawyer,151000,>150k
1080,20,RL,65,8775,Reg,Corner,OldTown,130000,<150k
1081,20,RL,80,11040,IR3,Inside,OldTown,73000,<150k
1082,20,RL,75,7500,IR1,Inside,NWAmes,175500,>150k
1083,20,RL,70,8749,IR1,FR2,Gilbert,185000,>150k
1084,20,RL,80,8800,Reg,Inside,SWISU,179500,>150k
1085,60,RL,NA,13031,Reg,Inside,IDOTRR,120500,<150k
1086,85,RL,73,9069,IR1,Corner,Edwards,148000,<150k
1087,160,RM,NA,1974,Reg,Inside,Somerst,266000,>150k
1088,60,FV,85,10574,IR1,CulDSac,ClearCr,241500,>150k
1089,160,RM,24,2522,IR1,CulDSac,NoRidge,290000,>150k
1090,120,FV,37,3316,Reg,Inside,NAmes,139000,<150k
1091,90,RL,60,8544,Reg,Corner,NAmes,242000,>150k
1092,160,FV,24,2160,Reg,Inside,IDOTRR,87000,<150k
1093,50,RL,60,8400,IR1,CulDSac,Veenker,324000,>150k
1094,20,RL,71,9230,Reg,Inside,NAmes,145250,<150k
1095,20,RL,74,5868,IR1,Inside,BrkSide,214500,>150k
1096,20,RL,78,9317,Reg,Corner,IDOTRR,78000,<150k
1097,70,RM,60,6882,IR1,Inside,NAmes,119000,<150k
1098,120,RL,NA,3696,Reg,Inside,NAmes,139000,<150k
1099,50,RM,50,6000,IR1,Inside,NridgHt,284000,>150k
1100,20,RL,82,11880,Reg,FR3,NridgHt,207000,>150k
1101,30,RL,60,8400,IR1,Inside,Gilbert,192000,>150k
1102,20,RL,61,9758,IR1,Corner,Timber,228950,>150k
1103,20,RL,70,7000,IR1,Corner,StoneBr,377426,>150k
1104,20,RL,79,8910,Reg,Inside,CollgCr,214000,>150k
1105,160,RM,24,2016,Reg,Corner,NWAmes,202500,>150k
1106,60,RL,98,12256,IR1,Inside,NAmes,155000,>150k
1107,20,RL,114,10357,Reg,Inside,Timber,202900,>150k
1108,60,RL,168,23257,Reg,Inside,SawyerW,82000,<150k
1109,60,RL,NA,8063,Reg,Inside,NAmes,87500,<150k
1110,20,RL,107,11362,IR1,Inside,NridgHt,266000,>150k
1111,60,RL,NA,8000,Reg,Inside,MeadowV,85000,<150k
1112,60,RL,80,10480,Reg,Inside,BrkSide,140200,<150k
1113,20,RL,73,7100,IR1,CulDSac,NAmes,151500,>150k
1114,20,RL,66,8923,IR1,Inside,NAmes,157500,>150k
1115,20,RL,90,5400,Reg,Inside,NridgHt,154000,>150k
1116,20,RL,93,12085,IR2,Inside,NridgHt,437154,>150k
1117,80,RL,NA,7750,IR1,Inside,NridgHt,318061,>150k
1118,20,RL,57,9764,IR1,Inside,ClearCr,190000,>150k
1119,80,RL,85,13825,Reg,Inside,Edwards,95000,<150k
1120,20,RL,70,7560,Reg,Inside,OldTown,105900,<150k
1121,30,RM,59,8263,Reg,Inside,SWISU,140000,<150k
1122,20,RL,84,10084,IR2,Inside,CollgCr,177500,>150k
1123,20,RL,NA,8926,IR1,Inside,Gilbert,173000,>150k
1124,20,RL,50,9405,Reg,Inside,MeadowV,134000,<150k
1125,80,RL,NA,9125,IR1,Inside,ClearCr,130000,<150k
1126,20,RL,60,10434,IR1,CulDSac,NoRidge,280000,>150k
1127,120,RL,53,3684,IR1,CulDSac,Mitchel,156000,>150k
1128,20,RL,182,14572,Reg,Inside,BrkSide,145000,<150k
1129,60,RL,59,11796,Reg,Corner,Edwards,198500,>150k
1130,90,RM,60,7200,Reg,Inside,BrDale,118000,<150k
1131,50,RL,65,7804,IR1,FR2,NWAmes,190000,>150k
1132,20,RL,63,10712,Reg,Inside,IDOTRR,147000,<150k
1133,70,RM,90,9900,IR1,Inside,NAmes,159000,>150k
1134,60,RL,80,9828,IR1,Corner,NAmes,165000,>150k
1135,60,RL,57,8773,Reg,Inside,NAmes,132000,<150k
1136,30,RM,60,6180,IR1,Corner,NAmes,162000,>150k
1137,50,RL,80,9600,IR1,Inside,Gilbert,172400,>150k
1138,50,RL,54,6342,Reg,Inside,ClearCr,134432,<150k
1139,20,RL,NA,9819,Reg,Inside,SawyerW,125000,<150k
1140,30,RL,98,8731,Reg,Inside,NAmes,123000,<150k
1141,20,RL,60,7350,Reg,Inside,OldTown,120000,<150k
1142,60,RL,NA,10304,Reg,Inside,OldTown,110000,<150k
1143,60,RL,77,9965,IR1,Inside,ClearCr,280000,>150k
1144,20,RL,NA,9000,IR1,Corner,Timber,204000,>150k
1145,190,RL,60,12180,Reg,Inside,Somerst,210000,>150k
1146,50,RM,52,6240,Reg,Inside,Mitchel,188000,>150k
1147,20,RL,NA,11200,Reg,Inside,NWAmes,175500,>150k
1148,70,RL,75,12000,Reg,Inside,OldTown,98000,<150k
1149,50,RM,NA,5700,IR1,CulDSac,ClearCr,256000,>150k
1150,70,RM,50,9000,Reg,Inside,OldTown,161000,>150k
1151,20,RL,57,8280,IR1,Corner,BrkSide,110000,<150k
1152,20,RL,134,17755,IR1,Inside,Somerst,263435,>150k
1153,20,RL,90,14115,Reg,Inside,SWISU,155000,>150k
1154,30,RM,NA,5890,IR1,Inside,Sawyer,62383,<150k
1155,60,RL,NA,13700,IR1,Inside,Crawfor,188700,>150k
1156,20,RL,90,10768,Reg,Inside,CollgCr,124000,<150k
1157,80,RL,85,9350,Reg,Inside,Blmngtn,178740,>150k
1158,120,RL,34,5001,Reg,Inside,NAmes,167000,>150k
1159,20,RL,92,11932,Reg,Inside,NAmes,146500,<150k
1160,60,RL,76,9120,IR1,Inside,NridgHt,250000,>150k
1161,160,RL,24,2280,IR1,Corner,SawyerW,187000,>150k
1162,20,RL,NA,14778,IR1,Corner,StoneBr,212000,>150k
1163,20,RL,109,8724,Reg,Inside,NWAmes,190000,>150k
1164,90,RL,60,12900,Reg,Inside,Edwards,148000,<150k
1165,80,RL,NA,16157,IR1,Inside,NridgHt,440000,>150k
1166,20,RL,79,9541,Reg,Inside,StoneBr,251000,>150k
1167,20,RL,64,10475,Reg,Corner,Sawyer,132500,<150k
1168,60,RL,58,10852,Reg,Inside,CollgCr,208900,>150k
1169,70,RL,120,13728,Reg,Inside,NridgHt,380000,>150k
1170,60,RL,118,35760,Reg,Inside,CollgCr,297000,>150k
1171,80,RL,76,9880,Reg,Inside,OldTown,89471,<150k
1172,20,RL,76,9120,IR1,FR2,NridgHt,326000,>150k
1173,160,FV,35,4017,IR1,Inside,NridgHt,374000,>150k
1174,50,RL,138,18030,Reg,Corner,OldTown,155000,>150k
1175,70,RL,80,16560,Reg,FR2,Mitchel,164000,>150k
1176,50,RL,85,10678,IR1,Corner,Sawyer,132500,<150k
1177,20,RL,37,6951,Reg,Inside,NAmes,147000,<150k
1178,50,RM,NA,3950,Reg,Inside,NAmes,156000,>150k
1179,50,RL,54,7681,IR1,Inside,NWAmes,175000,>150k
1180,20,RL,77,8335,Reg,Corner,OldTown,160000,>150k
1181,60,RL,NA,11170,Reg,Inside,MeadowV,86000,<150k
1182,120,RM,64,5587,Reg,Inside,MeadowV,115000,<150k
1183,60,RL,160,15623,Reg,Inside,NAmes,133000,<150k
1184,30,RL,60,10800,IR1,Corner,Gilbert,172785,>150k
1185,20,RL,50,35133,Reg,Inside,NAmes,155000,>150k
1186,50,RL,60,9738,Reg,Inside,OldTown,91300,<150k
1187,190,RL,107,10615,Reg,Inside,IDOTRR,34900,<150k
1188,20,RL,89,12461,IR1,Inside,NoRidge,430000,>150k
1189,60,RL,68,8935,Reg,Inside,BrkSide,184000,>150k
1190,60,RL,60,7500,Reg,Inside,Sawyer,130000,<150k
1191,190,RL,NA,32463,Reg,Inside,CollgCr,219500,>150k
1192,160,FV,24,2645,IR1,Inside,Edwards,61000,<150k
1193,50,RM,60,9600,IR1,CulDSac,CollgCr,148000,<150k
1194,120,RM,NA,4500,IR1,Corner,Somerst,340000,>150k
1195,60,RL,80,9364,Reg,Corner,StoneBr,394432,>150k
1196,60,RL,51,8029,IR1,Inside,Gilbert,179000,>150k
1197,60,RL,58,14054,Reg,Inside,SWISU,127000,<150k
1198,75,RM,65,8850,Reg,Inside,Somerst,187750,>150k
1199,20,RL,70,9100,IR1,Inside,CollgCr,213500,>150k
1200,20,RL,75,11235,Reg,Corner,SawyerW,76000,<150k
1201,20,RL,71,9353,IR2,Corner,ClearCr,240000,>150k
1202,60,RL,80,10400,Reg,Inside,Blmngtn,192000,>150k
1203,50,RM,50,6000,Reg,FR2,Edwards,81000,<150k
1204,20,RL,75,9750,Reg,Inside,Edwards,125000,<150k
1205,20,RL,78,10140,IR1,CulDSac,CollgCr,191000,>150k
1206,20,RL,90,14684,Reg,Inside,NridgHt,426000,>150k
1207,20,RH,NA,8900,Reg,Inside,Edwards,119000,<150k
1208,20,RL,70,9135,IR1,CulDSac,Mitchel,215000,>150k
1209,20,RL,70,7763,IR1,Inside,NAmes,106500,<150k
1210,20,RL,85,10182,Reg,Corner,BrkSide,100000,<150k
1211,60,RL,70,11218,Reg,Inside,OldTown,109000,<150k
1212,50,RL,152,12134,Reg,Inside,Edwards,129000,<150k
1213,30,RL,50,9340,Reg,Inside,CollgCr,123000,<150k
1214,80,RL,NA,10246,Reg,Inside,NAmes,169500,>150k
1215,85,RL,69,10205,Reg,Corner,IDOTRR,67000,<150k
1216,20,RL,99,7094,Reg,Inside,Somerst,241000,>150k
1217,90,RM,68,8930,IR2,Inside,Veenker,245500,>150k
1218,20,FV,72,8640,IR1,Inside,CollgCr,164990,>150k
1219,50,RM,52,6240,Reg,Inside,Sawyer,108000,<150k
1220,160,RM,21,1680,Reg,Corner,NoRidge,258000,>150k
1221,20,RL,66,7800,IR1,Inside,Gilbert,168000,>150k
1222,20,RL,55,8250,IR1,Corner,Sawyer,150000,<150k
1223,50,RL,78,10496,Reg,Inside,SWISU,115000,<150k
1224,20,RL,89,10680,Reg,Inside,Crawfor,177000,>150k
1225,60,RL,60,15384,Reg,Corner,NridgHt,280000,>150k
1226,80,RL,65,10482,Reg,Inside,Somerst,339750,>150k
1227,60,RL,86,14598,Reg,Inside,Edwards,60000,<150k
1228,20,RL,72,8872,Reg,Inside,Gilbert,145000,<150k
1229,120,RL,65,8769,IR2,Inside,Somerst,222000,>150k
1230,80,RL,70,7910,Reg,Inside,OldTown,115000,<150k
1231,90,RL,NA,18890,IR2,CulDSac,SawyerW,228000,>150k
1232,90,RL,70,7728,IR1,Inside,Gilbert,181134,>150k
1233,90,RL,70,9842,Reg,Inside,Sawyer,149500,<150k
1234,20,RL,NA,12160,IR1,Inside,Crawfor,239000,>150k
1235,70,RH,55,8525,Reg,Inside,Edwards,126000,<150k
1236,70,RL,96,13132,Reg,Inside,NAmes,142000,<150k
1237,160,RL,36,2628,Reg,Inside,Mitchel,206300,>150k
1238,60,RL,41,12393,IR1,FR2,NWAmes,215000,>150k
1239,20,RL,63,13072,Reg,Inside,Mitchel,113000,<150k
1240,20,RL,64,9037,Reg,Inside,NoRidge,315000,>150k
1241,60,RL,65,8158,Reg,Inside,NAmes,139000,<150k
1242,20,RL,83,9849,Reg,Inside,OldTown,135000,<150k
1243,85,RL,85,10625,Reg,Inside,SawyerW,275000,>150k
1245,70,RL,NA,11435,Reg,Inside,Sawyer,129000,<150k
1246,80,RL,78,12090,Reg,Inside,Sawyer,108959,<150k
1247,60,FV,65,8125,IR1,FR2,Veenker,194000,>150k
1248,80,RL,NA,12328,IR1,Inside,NridgHt,233170,>150k
1249,75,RM,60,9600,IR1,Corner,CollgCr,245350,>150k
1250,20,RL,60,7200,IR1,Inside,Gilbert,173000,>150k
1251,20,RL,93,11160,Reg,Corner,Edwards,235000,>150k
1252,120,RL,NA,3136,IR1,CulDSac,NoRidge,625000,>150k
1253,20,RL,62,9858,Reg,Inside,Mitchel,171000,>150k
1254,60,RL,NA,17542,Reg,Inside,NAmes,163000,>150k
1255,60,RL,60,6931,IR1,Inside,Somerst,171900,>150k
1256,50,RM,52,6240,IR1,Inside,ClearCr,200500,>150k
1257,20,RL,91,14303,Reg,Inside,ClearCr,260000,>150k
1258,30,RL,56,4060,IR1,Inside,NWAmes,185750,>150k
1259,80,RL,59,9587,IR1,CulDSac,Sawyer,137000,<150k
1260,20,RL,65,9750,IR1,Corner,Edwards,177000,>150k
1261,60,RL,NA,24682,Reg,Corner,Crawfor,139000,<150k
1262,20,RL,80,9600,Reg,Corner,NAmes,137000,<150k
1263,50,RL,NA,11250,IR1,CulDSac,NWAmes,162000,>150k
1264,70,RL,60,13515,IR1,CulDSac,NWAmes,197900,>150k
1265,120,RH,34,4060,Reg,Inside,CollgCr,237000,>150k
1266,160,FV,35,3735,Reg,Inside,IDOTRR,68400,<150k
1267,190,RM,60,10120,IR1,Inside,CollgCr,227000,>150k
1268,20,RL,89,13214,IR1,CulDSac,Timber,180000,>150k
1269,50,RL,NA,14100,IR1,Inside,CollgCr,150500,>150k
1270,50,RL,78,11344,Reg,Corner,Mitchel,139000,<150k
1271,40,RL,NA,23595,Reg,Inside,SWISU,169000,>150k
1272,20,RL,NA,9156,Reg,Inside,BrkSide,132500,<150k
1273,20,RL,NA,13526,Reg,Inside,NWAmes,143000,<150k
1274,80,RL,124,11512,IR1,Inside,ClearCr,190000,>150k
1275,50,RL,53,5362,IR1,Inside,StoneBr,278000,>150k
1276,90,RL,95,11345,IR1,Inside,NridgHt,281000,>150k
1277,60,RL,NA,12936,IR1,Corner,NAmes,180500,>150k
1278,80,RL,NA,17871,Reg,Inside,BrDale,119500,<150k
1280,50,C (all),60,7500,Reg,Corner,OldTown,107500,<150k
1281,20,RL,67,9808,Reg,Inside,NWAmes,162900,>150k
1282,20,RL,50,8049,Reg,Inside,Edwards,115000,<150k
1283,20,RL,61,8800,Reg,Inside,NAmes,119000,<150k
1284,90,RL,94,9400,Reg,Corner,NAmes,244000,>150k
1285,50,RL,50,9638,IR1,Corner,NridgHt,171750,>150k
1286,50,RM,50,6000,Reg,Inside,Mitchel,130000,<150k
1287,20,RL,NA,9790,IR1,Inside,Veenker,294000,>150k
1288,20,RL,NA,36500,Reg,Inside,Edwards,165400,>150k
1289,120,RL,40,5664,Reg,Inside,BrkSide,127500,<150k
1290,60,RL,86,11065,IR1,Corner,NoRidge,301500,>150k
1291,80,RL,NA,14112,Reg,Corner,Edwards,99900,<150k
1292,160,RM,21,1680,IR1,Inside,Gilbert,190000,>150k
1293,70,RM,60,6600,Reg,FR2,NAmes,151000,>150k
1294,60,RL,78,10140,IR3,CulDSac,Gilbert,181000,>150k
1295,20,RL,60,8172,Reg,Inside,NAmes,128900,<150k
1296,20,RL,70,8400,Reg,Inside,ClearCr,161500,>150k
1297,20,RL,80,8700,Reg,Inside,BrkSide,180500,>150k
1298,180,RM,35,3675,Reg,Inside,NAmes,181000,>150k
1299,60,RL,313,63887,Reg,FR3,Somerst,183900,>150k
1300,20,RL,75,7500,IR1,Inside,OldTown,122000,<150k
1301,60,RL,NA,10762,IR1,Inside,Timber,378500,>150k
1302,70,RL,NA,7500,IR1,Inside,Crawfor,381000,>150k
1303,60,RL,92,10120,Reg,Inside,NAmes,144000,<150k
,,,,,Reg,Inside,NAmes,138500,<150k
,,,,,Reg,Inside,NAmes,155000,>150k
,,,,,Reg,Inside,Edwards,140000,<150k
,,,,,Reg,Inside,NoRidge,290000,>150k
,,,,,Reg,Inside,NAmes,154000,>150k
,,,,,IR1,CulDSac,Gilbert,225000,>150k
,,,,,IR1,Inside,Crawfor,177500,>150k
,,,,,IR3,Corner,Edwards,160000,>150k